카테고리,채널명,구독자수,조회수,비디오수
음악/댄스/가수,BLACKPINK,"64,000,000","19,003,810,000",371
음악/댄스/가수,HYBE LABELS,"60,300,000","18,713,050,000",654
음악/댄스/가수,BANGTANTV,"56,400,000","12,194,960,000","1,579"
음악/댄스/가수,SMTOWN,"28,500,000","21,870,920,000","3,729"
키즈/어린이,Boram Tube Vlog [보람튜브 브이로그],"26,500,000","11,052,880,000",223
음악/댄스/가수,1MILLION Dance Studio,"24,200,000","6,694,900,000","2,897"
음악/댄스/가수,1theK (원더케이),"23,200,000","20,599,350,000","14,983"
음악/댄스/가수,JYP Entertainment,"21,600,000","13,725,340,000","1,327"
미분류,Coldplay,"19,300,000","12,771,640,000",279
음악/댄스/가수,Mnet K-POP,"18,400,000","12,947,130,000","25,395"
음악/댄스/가수,JFlaMusic,"17,200,000","3,420,990,000",279
TV/방송,KBS WORLD TV,"16,600,000","12,358,210,000","52,362"
음악/댄스/가수,officialpsy,"15,000,000","8,624,700,000",90
음식/요리/레시피,Jane ASMR 제인,"14,200,000","4,912,630,000","1,189"
음악/댄스/가수,BIGBANG,"13,800,000","6,678,340,000",773
음악/댄스/가수,TWICE,"11,500,000","2,203,720,000",592
키즈/어린이,Nao FunFun,"10,800,000","3,890,000",34
음악/댄스/가수,Stone Music Entertainment,"9,980,000","7,861,800,000","7,915"
키즈/어린이,DuDuPopTOY,"9,840,000","4,371,040,000","1,743"
음식/요리/레시피,Hongyu ASMR 홍유,"9,760,000","2,692,860,000",385
키즈/어린이,핑크퐁 (인기 동요・동화),"9,440,000","5,708,190,000","2,225"
TV/방송,MBCkpop,"9,420,000","7,361,290,000","40,659"
키즈/어린이,서은이야기[SeoeunStory],"9,370,000","3,997,100,000","1,001"
키즈/어린이,Larva TUBA,"9,320,000","4,049,880,000","2,862"
키즈/어린이,Toymong tv 토이몽TV,"9,270,000","3,823,200,000","1,832"
미분류,The Late Show with Stephen Colbert,"8,600,000","7,826,150,000","8,348"
뉴스/정치/사회,MBCentertainment,"8,380,000","14,317,700,000","85,420"
음악/댄스/가수,Mnet Official,"8,330,000","9,056,020,000","18,118"
음악/댄스/가수,iKON,"8,310,000","2,091,530,000",468
음악/댄스/가수,EXO,"8,280,000","464,730,000",201
미분류,WIRED,"8,110,000","2,607,720,000","3,220"
미분류,Nintendo,"8,020,000","2,726,300,000","5,141"
미분류,BBC Radio 1,"7,590,000","3,192,060,000","4,414"
TV/방송,M2,"7,490,000","5,527,320,000","14,278"
키즈/어린이,MariAndKids,"7,480,000","2,288,600,000",808
음식/요리/레시피,[햄지]Hamzy,"7,440,000","2,145,010,000",331
음악/댄스/가수,TOMORROW X TOGETHER OFFICIAL,"7,350,000","443,910,000",741
키즈/어린이,SonicToy소닉토이,"7,170,000","2,934,780,000",164
음악/댄스/가수,Stray Kids,"6,950,000","1,010,790,000",464
음식/요리/레시피,Travel Thirsty,"6,880,000","2,897,760,000",676
뉴스/정치/사회,JTBC Entertainment,"6,840,000","9,715,500,000","63,970"
해외,Serie A,"6,830,000","2,387,360,000","20,486"
음악/댄스/가수,SEVENTEEN,"6,800,000","2,115,840,000",870
음악/댄스/가수,Sungha Jung,"6,730,000","1,871,010,000","1,263"
음악/댄스/가수,이지금 [IU Official],"6,630,000","926,330,000",125
음식/요리/레시피,문복희 Eat with Boki,"6,470,000","1,442,870,000",422
음악/댄스/가수,ALL THE K-POP,"6,380,000","3,885,050,000","19,505"
음식/요리/레시피,쏘영 Ssoyoung,"6,360,000","933,110,000",566
음악/댄스/가수,YG ENTERTAINMENT,"6,350,000","1,630,960,000",389
TV/방송,KBS Kpop,"6,260,000","4,710,370,000","29,013"
음악/댄스/가수,GOT7,"6,040,000","754,270,000",579
음악/댄스/가수,MAMAMOO,"6,020,000","1,614,050,000",600
패션/미용,PONY Syndrome,"5,860,000","354,640,000",188
TV/방송,스브스케이팝 / SBS KPOP,"5,820,000","3,853,630,000","25,785"
회사/오피셜,Samsung,"5,770,000","999,910,000","1,551"
TV/방송,tvN DRAMA,"5,770,000","5,494,060,000","34,868"
TV/방송,SBS Entertainment,"5,720,000","6,664,750,000","216,725"
키즈/어린이,스위트티비 SweetTV,"5,600,000","2,652,210,000",503
음악/댄스/가수,ITZY,"5,540,000","960,950,000",421
TV/방송,SBS Drama,"5,480,000","5,750,870,000","340,878"
미분류,PSG - Paris Saint-Germain,"5,420,000","566,460,000","4,067"
키즈/어린이,[장난감티비]TOYTV,"5,410,000","2,632,550,000","1,464"
키즈/어린이,미니특공대TV,"5,370,000","3,017,180,000","1,105"
음악/댄스/가수,2NE1,"5,300,000","1,947,080,000",321
키즈/어린이,콩순이 • 시크릿 쥬쥬 [Kongsuni • Secret Jouju],"5,160,000","4,482,530,000","1,236"
BJ/인물/연예인,[Awesome Haeun]어썸하은,"5,150,000","797,260,000",487
음식/요리/레시피,백종원의 요리비책 Paik's Cuisine,"5,120,000","522,720,000",334
키즈/어린이,ToyMart TV,"4,950,000","2,148,510,000",651
음식/요리/레시피,야미보이 Yummyboy,"4,870,000","1,722,450,000",849
음악/댄스/가수,starshipTV,"4,790,000","2,765,660,000","1,955"
키즈/어린이,베이비버스 -인기 동요・동화,"4,740,000","3,168,870,000","1,282"
음악/댄스/가수,BT21,"4,600,000","362,480,000",193
뉴스/정치/사회,SBS NOW / SBS 공식 채널,"4,570,000","4,533,410,000","19,841"
키즈/어린이,TOY GUMA,"4,570,000","1,514,240,000",306
TV/방송,KBS Entertain,"4,470,000","7,049,340,000","99,926"
음식/요리/레시피,떵개떵,"4,470,000","2,504,860,000","4,330"
음악/댄스/가수,ASTRO 아스트로,"4,410,000","412,480,000",433
키즈/어린이,뽀로로(Pororo),"4,370,000","5,870,670,000","3,595"
음악/댄스/가수,Red Velvet,"4,340,000","592,560,000",139
TV/방송,MBCdrama,"4,330,000","4,898,830,000","53,924"
음식/요리/레시피,하루한끼 one meal a day,"4,310,000","409,700,000",162
음악/댄스/가수,TREASURE (트레저),"4,270,000","827,190,000",253
음식/요리/레시피,푸메Fume,"4,240,000","856,340,000",463
키즈/어린이,슈슈토이 Shushu ToysReview,"4,200,000","1,554,980,000",581
TV/방송,채널 NCT DAILY,"4,190,000","722,800,000",467
음악/댄스/가수,Raon Lee,"4,190,000","916,010,000",295
미분류,EA SPORTS FIFA,"4,180,000","793,400,000",792
키즈/어린이,With Kids Playground [위드키즈 놀이터],"4,160,000","1,568,570,000",399
음식/요리/레시피,Cooking tree 쿠킹트리,"4,160,000","378,570,000","1,133"
음식/요리/레시피,[Dorothy]도로시,"4,150,000","986,590,000",905
TV/방송,JTBC Drama,"4,120,000","4,209,790,000","22,560"
애완/반려동물,SBS TV동물농장x애니멀봐,"4,120,000","3,749,110,000","3,002"
음식/요리/레시피,tzuyang쯔양,"4,110,000","507,270,000",236
음악/댄스/가수,NCT,"4,100,000","270,620,000",218
BJ/인물/연예인,영국남자 Korean Englishman,"4,100,000","1,335,180,000",432
음식/요리/레시피,까니짱 [ G-NI ],"4,080,000","1,034,710,000",482
키즈/어린이,로미유 스토리[Romiyu Story],"4,080,000","1,065,570,000",433
음악/댄스/가수,NCT DREAM,"3,860,000","374,220,000",228
BJ/인물/연예인,허팝Heopop,"3,810,000","3,138,920,000","1,847"
취미/라이프,JaeYeol ASMR 재열,"3,800,000","1,011,540,000",970
애완/반려동물,크림히어로즈,"3,800,000","1,374,770,000",940
BJ/인물/연예인,워크맨-Workman,"3,780,000","679,370,000",141
BJ/인물/연예인,waveya 2011,"3,730,000","1,346,280,000",702
키즈/어린이,Lime Tube[라임튜브],"3,730,000","2,595,420,000","1,723"
음악/댄스/가수,WINNER,"3,730,000","1,171,260,000",428
키즈/어린이,CoCosToy 꼬꼬스토이,"3,650,000","2,047,420,000",779
음악/댄스/가수,백현 Baekhyun,"3,620,000","49,460,000",20
키즈/어린이,Milana FamilyShow[EN],"3,620,000","976,470,000",185
음악/댄스/가수,NCT 127,"3,570,000","303,910,000",185
BJ/인물/연예인,ARTBEAT,"3,560,000","873,900,000","1,069"
TV/방송,TV-People,"3,500,000","3,914,070,000","17,719"
TV/방송,채널 십오야,"3,490,000","650,630,000",451
TV/방송,KBS Drama,"3,470,000","4,261,110,000","114,095"
회사/오피셜,Billboard,"3,360,000","1,126,010,000","6,654"
키즈/어린이,리월드RIWORLD,"3,330,000","1,299,830,000",334
취미/라이프,drawholic,"3,320,000","362,170,000",348
키즈/어린이,제이제이 튜브 [JJ Tube],"3,290,000","2,060,280,000",497
음악/댄스/가수,KARD,"3,280,000","596,470,000",312
키즈/어린이,EBS 키즈,"3,280,000","4,065,870,000","18,883"
TV/방송,솔라시도 solarsido,"3,270,000","200,830,000",246
TV/방송,tvN,"3,260,000","4,677,550,000","59,409"
TV/방송,딩고 뮤직 / dingo music,"3,230,000","1,168,960,000","1,526"
음악/댄스/가수,(G)I-DLE (여자)아이들 (Official YouTube Channel),"3,210,000","954,190,000",199
키즈/어린이,MariAndToys,"3,160,000","565,180,000",188
키즈/어린이,럭키강이 LuckyKang i,"3,110,000","1,328,760,000","1,212"
키즈/어린이,키즈팡TV,"3,080,000","1,922,650,000","1,833"
음악/댄스/가수,imlisarhee,"3,080,000","423,180,000",547
스포츠/운동,피지컬갤러리,"3,060,000","484,720,000",592
키즈/어린이,카 로봇 Car Robot,"3,010,000","1,770,000,000","3,519"
음식/요리/레시피,FRAN,"2,970,000","939,540,000","1,271"
음식/요리/레시피,유디티TV,"2,950,000","594,930,000",992
취미/라이프,사나고 Sanago,"2,940,000","374,490,000",140
영화/만화/애니,장삐쭈,"2,940,000","1,297,850,000",365
취미/라이프,Thankyou BUBU,"2,930,000","459,890,000",134
TV/방송,tvN D ENT,"2,920,000","5,160,560,000","14,702"
음악/댄스/가수,ROSÉ Official,"2,910,000","11,800,000",3
음악/댄스/가수,새송 Saesong,"2,900,000","285,660,000",247
음식/요리/레시피,5 분 Tricks,"2,890,000","1,018,550,000","3,080"
음식/요리/레시피,양수빈,"2,840,000","499,490,000",224
TV/방송,옛드 : 옛날 드라마 [드라맛집],"2,800,000","4,960,030,000","45,915"
취미/라이프,odg,"2,740,000","441,000,000",113
음식/요리/레시피,한세HANSE,"2,740,000","374,620,000",569
키즈/어린이,미니팡TV,"2,730,000","1,981,460,000",557
음악/댄스/가수,STUDIO CHOOM [스튜디오 춤],"2,710,000","990,710,000",617
TV/방송,JTBC Voyage,"2,690,000","3,034,300,000","6,811"
취미/라이프,팬케이Pan K The Pancake Artist,"2,680,000","789,500,000",541
키즈/어린이,헤이지니 Hey Jini,"2,640,000","1,624,820,000","1,149"
음악/댄스/가수,JAY PARK,"2,630,000","648,070,000",137
음식/요리/레시피,나도Nado,"2,600,000","667,200,000",681
TV/방송,PLAYLIST ORIGINALS 플레이리스트 오리지널,"2,570,000","957,360,000",659
뉴스/정치/사회,TVCHOSUN - TV조선,"2,560,000","4,199,500,000","64,268"
TV/방송,런닝맨 - 스브스 공식 채널,"2,540,000","3,260,400,000","53,502"
음악/댄스/가수,HyunA,"2,520,000","301,800,000",58
음악/댄스/가수,AKMU,"2,520,000","618,410,000",148
뉴스/정치/사회,YTN news,"2,500,000","5,462,390,000","553,462"
취미/라이프,ASMR PPOMO,"2,500,000","660,220,000",421
키즈/어린이,ToyFamily,"2,470,000","360,000",38
음악/댄스/가수,GIRLS' GENERATION,"2,440,000","142,410,000",75
키즈/어린이,보라미TV BoramiTV,"2,410,000","827,720,000",594
음식/요리/레시피,지현꿍,"2,400,000","193,420,000",80
게임,도티 TV,"2,380,000","2,665,130,000","3,238"
BJ/인물/연예인,와썹맨-Wassup Man,"2,340,000","310,890,000",177
음악/댄스/가수,United CUBE (CUBE Entertainment Official YouTube Channel),"2,330,000","716,520,000","1,556"
미분류,Lizzo Music,"2,320,000","920,540,000",71
음악/댄스/가수,창현,"2,310,000","274,550,000",753
TV/방송,ATEEZ,"2,300,000","225,300,000",304
TV/방송,EBSDocumentary (EBS 다큐),"2,290,000","2,060,950,000","28,246"
BJ/인물/연예인,VIVA DANCE STUDIO,"2,250,000","390,200,000","2,023"
패션/미용,RISABAE,"2,240,000","260,820,000",363
음악/댄스/가수,여자친구 GFRIEND OFFICIAL,"2,230,000","429,590,000",515
BJ/인물/연예인,JOLLY,"2,230,000","491,150,000",333
영화/만화/애니,총몇명,"2,220,000","752,300,000",301
음악/댄스/가수,Jessi,"2,210,000","310,800,000",44
BJ/인물/연예인,흔한남매,"2,210,000","2,067,840,000",768
패션/미용,미지우 MEJIWOO,"2,200,000","31,320,000",28
BJ/인물/연예인,진용진,"2,200,000","622,610,000",409
키즈/어린이,또봇 V · 메탈리온 [Tobot V · Metalions],"2,190,000","2,703,730,000","1,858"
키즈/어린이,MariAndFriends,"2,190,000","1,443,280,000","1,742"
음악/댄스/가수,채널 NCT MUSIC,"2,180,000","157,830,000",29
BJ/인물/연예인,엔조이커플enjoycouple,"2,180,000","751,240,000",518
키즈/어린이,꼬마버스 타요,"2,170,000","1,687,010,000","2,243"
음식/요리/레시피,애정 Aejeong,"2,170,000","329,570,000",393
음악/댄스/가수,SHINee,"2,170,000","187,610,000",138
음식/요리/레시피,꿀키honeykki,"2,170,000","266,680,000",424
음악/댄스/가수,official IZ*ONE,"2,160,000","532,940,000",270
BJ/인물/연예인,해그린달 haegreendal,"2,160,000","87,400,000",59
BJ/인물/연예인,International Couple[사샤와 제이],"2,160,000","226,900,000",142
음악/댄스/가수,채널 NCT DANCE,"2,140,000","184,320,000",42
키즈/어린이,Boys Playtime,"2,140,000","1,009,670,000",415
해외,The Wiggles,"2,120,000","2,555,520,000",621
음악/댄스/가수,SUPER JUNIOR,"2,120,000","95,120,000",186
TV/방송,스브스 예능맛집,"2,110,000","1,586,420,000","3,418"
미분류,MONSTA X,"2,100,000","234,650,000",41
뉴스/정치/사회,SBS Catch,"2,100,000","1,970,810,000","3,208"
게임,감스트GAMST,"2,100,000","1,403,920,000","4,461"
음식/요리/레시피,푸드킹덤 Food Kingdom,"2,090,000","744,530,000",797
음악/댄스/가수,4Minute 포미닛(Official YouTube Channel),"2,090,000","1,236,000,000",82
미분류,김종국 GYM JONG KOOK,"2,080,000","54,080,000",10
음식/요리/레시피,ZOEY ASMR 조이,"2,070,000","475,380,000",606
영화/만화/애니,레이디버그TV,"2,070,000","1,087,450,000",325
BJ/인물/연예인,공대생 변승주 DS,"2,070,000","1,380,720,000","1,438"
애완/반려동물,수리노을SuriNoel,"2,060,000","706,770,000","1,036"
음악/댄스/가수,OfficialGDRAGON,"2,050,000","53,640,000",0
교육/강의,디바제시카DeevaJessica,"2,040,000","838,520,000","2,939"
음악/댄스/가수,The K-POP,"2,030,000","573,000,000","7,342"
TV/방송,퇴경아 약먹자,"2,030,000","334,700,000",653
TV/방송,보길 bogil,"2,000,000","792,590,000","1,096"
키즈/어린이,"토닥토닥 꼬모 - 애니메이션, 동요, 놀이","2,000,000","2,317,800,000",828
키즈/어린이,캐리TV 장난감친구들,"2,000,000","2,638,540,000","2,661"
키즈/어린이,[wonderkids TV] 원더키즈 TV,"1,980,000","872,480,000",918
음식/요리/레시피,흥삼이네 Heungsam's Family,"1,980,000","983,490,000","1,371"
키즈/어린이,Toy Wizard [토이위자드],"1,970,000","721,130,000",643
교육/강의,올리버쌤,"1,970,000","485,880,000",610
음악/댄스/가수,헨리 Henry Lau,"1,950,000","162,710,000",169
게임,잠뜰 TV,"1,950,000","2,450,580,000","2,791"
음악/댄스/가수,woolliment,"1,930,000","739,800,000",750
음악/댄스/가수,EXID_OFFICIAL,"1,920,000","638,740,000",332
음식/요리/레시피,JerryPop,"1,920,000","687,320,000",414
음악/댄스/가수,CHEN,"1,910,000","30,750,000",10
키즈/어린이,뉴욕이네 (뉴욕이랑 놀자),"1,910,000","858,360,000",702
미분류,THEBLACKLABEL,"1,900,000","300,080,000",74
음식/요리/레시피,도남이먹방Donam,"1,900,000","607,670,000",792
미분류,GoogleDoodles,"1,890,000","409,100,000",104
교육/강의,The World of Dave데이브,"1,890,000","449,330,000",625
애완/반려동물,밀키복이탄이MilkyBokiTan,"1,880,000","543,920,000",355
TV/방송,tvN D STUDIO,"1,860,000","533,560,000",980
IT/기술/컴퓨터,ITSub잇섭,"1,840,000","558,680,000",784
음악/댄스/가수,셀프어쿠스틱selfacoustic,"1,800,000","413,560,000",150
TV/방송,아는형님 Knowingbros,"1,790,000","718,970,000","1,353"
음악/댄스/가수,ARIRANG K-POP,"1,780,000","711,510,000","27,663"
뉴스/정치/사회,SBS 뉴스,"1,780,000","2,672,520,000","111,308"
음식/요리/레시피,ASMR Suna 꿀꿀선아,"1,780,000","420,340,000",320
뉴스/정치/사회,채널A,"1,770,000","2,031,230,000","21,556"
키즈/어린이,Dollightful,"1,760,000","267,400,000",146
게임,악동 김블루,"1,760,000","961,930,000",755
키즈/어린이,꾹TV(Kkuk TV),"1,760,000","1,019,690,000","1,369"
음식/요리/레시피,FoodieBoy 푸디보이,"1,750,000","618,680,000","1,118"
취미/라이프,Imaginative Guy,"1,740,000","551,010,000",109
스포츠/운동,Allblanc TV,"1,730,000","187,780,000",328
음악/댄스/가수,A-YEON,"1,730,000","202,390,000",58
음악/댄스/가수,DAY6,"1,730,000","243,710,000",329
음악/댄스/가수,BTOB 비투비 (Official YouTube Channel),"1,720,000","395,870,000",493
IT/기술/컴퓨터,밝은 면 Bright Side Korea,"1,720,000","444,580,000","3,202"
뉴스/정치/사회,JTBC News,"1,710,000","2,399,540,000","116,376"
음식/요리/레시피,입짧은햇님,"1,710,000","662,420,000","2,436"
BJ/인물/연예인,보물섬,"1,710,000","1,084,950,000",435
음악/댄스/가수,비몽,"1,700,000","892,900,000","4,577"
음악/댄스/가수,MLD ENTERTAINMENT,"1,700,000","655,900,000",573
패션/미용,Wishtrend TV,"1,690,000","142,510,000",814
게임,양띵 유튜브,"1,690,000","1,883,890,000","7,237"
애완/반려동물,내셔널지오그래픽 - National Geographic Korea,"1,680,000","721,060,000","2,994"
패션/미용,조효진 HYOJIN,"1,670,000","157,520,000",296
음악/댄스/가수,loonatheworld,"1,660,000","580,160,000","1,013"
게임,대도서관TV (buzzbean11),"1,660,000","1,419,010,000","9,316"
영화/만화/애니,고몽,"1,660,000","689,370,000",445
TV/방송,dingo freestyle,"1,650,000","917,580,000",917
애완/반려동물,슈앤트리 SHU AND TREE,"1,650,000","351,710,000",348
교육/강의,슈카월드,"1,640,000","237,770,000",898
음식/요리/레시피,슈기님,"1,630,000","629,260,000","1,414"
키즈/어린이,캐릭온 TV,"1,620,000","1,713,090,000",738
음식/요리/레시피,HONG SOUND,"1,620,000","372,230,000",994
음악/댄스/가수,GOT7,"1,600,000","20,260,000",3
패션/미용,Leesuhyun,"1,600,000","72,370,000",101
BJ/인물/연예인,더블비,"1,600,000","918,680,000",449
TV/방송,콬TV,"1,600,000","527,920,000",742
영화/만화/애니,짤툰,"1,590,000","798,800,000",387
음악/댄스/가수,DJ SODA OFFICIAL,"1,590,000","220,220,000",153
스포츠/운동,SPOTV,"1,590,000","1,329,960,000","40,087"
게임,뜨뜨뜨뜨,"1,590,000","716,840,000","1,443"
음식/요리/레시피,최고다윽박EUGBAK,"1,590,000","855,280,000","1,532"
음악/댄스/가수,PENTAGON 펜타곤 (Official YouTube Channel),"1,570,000","214,890,000",361
음악/댄스/가수,OfficialLEEHI,"1,570,000","329,330,000",94
키즈/어린이,덕대-DD film,"1,570,000","742,430,000","1,591"
주식/경제/부동산,신사임당,"1,560,000","203,330,000",966
음악/댄스/가수,NU'EST,"1,560,000","227,760,000",610
뉴스/정치/사회,EBSCulture (EBS 교양),"1,550,000","1,164,180,000","41,161"
음악/댄스/가수,THE BOYZ,"1,540,000","252,260,000",482
음악/댄스/가수,버블디아,"1,530,000","399,540,000","1,190"
TV/방송,조재원,"1,530,000","391,600,000",273
음식/요리/레시피,Chihun ASMR 치훈,"1,520,000","260,030,000",397
키즈/어린이,Edu car toy school,"1,520,000","789,680,000","1,260"
키즈/어린이,유라야놀자(Let's play YURA),"1,520,000","1,577,430,000","1,396"
패션/미용,ssin 씬님,"1,520,000","435,900,000",689
미분류,GH'S,"1,510,000","689,450,000",95
TV/방송,KBS 한국방송,"1,510,000","1,410,610,000","28,052"
음식/요리/레시피,ETTV 이티티비,"1,510,000","635,980,000","1,017"
키즈/어린이,지니키즈 Genikids (인기 동요・동화),"1,510,000","1,176,610,000","1,209"
게임,태경 TV,"1,510,000","2,172,690,000","2,510"
게임,김재원의 즐거운 세상,"1,510,000","1,602,360,000","1,786"
음악/댄스/가수,DOJIN도진이,"1,500,000","78,450,000",47
뉴스/정치/사회,MBCNEWS,"1,500,000","3,383,580,000","115,414"
TV/방송,문명특급 - MMTG,"1,490,000","308,250,000",227
키즈/어린이,브라보키즈_BRAVO KIDS,"1,490,000","1,536,130,000","1,755"
주식/경제/부동산,삼프로TV_경제의신과함께,"1,490,000","398,970,000","5,344"
TV/방송,MBN Entertainment,"1,470,000","1,471,390,000","36,196"
음식/요리/레시피,승우아빠,"1,470,000","413,280,000",583
음악/댄스/가수,Daily Busking,"1,470,000","585,570,000",966
음식/요리/레시피,[Nareum_TV] 나름TV,"1,470,000","529,230,000",792
영화/만화/애니,지무비 : G Movie,"1,470,000","496,230,000",236
BJ/인물/연예인,웃소 Wootso,"1,460,000","1,345,580,000",681
음악/댄스/가수,FNCEnt,"1,450,000","301,830,000","1,427"
음악/댄스/가수,Chuther츄더[문에스더],"1,450,000","197,430,000",139
음식/요리/레시피,ARIKITCHEN (아리키친),"1,450,000","344,590,000",444
뉴스/정치/사회,KBS Drama Classic,"1,440,000","1,317,370,000","9,407"
게임,T1 Faker,"1,440,000","263,330,000","1,196"
TV/방송,"안구정화TV, Your Korean Friend","1,440,000","115,280,000",158
뉴스/정치/사회,진성호방송,"1,440,000","1,670,840,000","7,642"
취미/라이프,피식대학Psick Univ,"1,430,000","350,800,000",368
뉴스/정치/사회,디글 클래식 :Diggle Classic,"1,430,000","3,284,980,000","22,124"
음악/댄스/가수,Lemoring,"1,430,000","775,730,000",486
BJ/인물/연예인,혜리,"1,420,000","70,190,000",66
음식/요리/레시피,칩chip,"1,420,000","187,920,000",36
뉴스/정치/사회,신의한수,"1,420,000","1,131,420,000","8,328"
BJ/인물/연예인,[상윤쓰]Sangyoon,"1,410,000","273,450,000",147
음악/댄스/가수,K-Tigers TV,"1,410,000","202,250,000",458
음식/요리/레시피,엠브로 MBRO,"1,410,000",0,0
음악/댄스/가수,시즌비시즌 Season B Season,"1,400,000","137,190,000",54
TV/방송,동네놈들,"1,400,000","301,280,000",273
BJ/인물/연예인,급식왕,"1,400,000","1,548,540,000",627
BJ/인물/연예인,철구형 (CHULTUBE),"1,400,000","1,277,160,000","6,891"
애완/반려동물,[THE SOY]루퐁이네,"1,390,000","402,130,000",314
TV/방송,MKTV 김미경TV,"1,390,000","257,430,000","1,623"
TV/방송,Solfa,"1,390,000","212,480,000",49
TV/방송,KBS HUMAN: 뭉클티비,"1,380,000","699,250,000","3,370"
교육/강의,사물궁이 잡학지식,"1,380,000","219,180,000",278
음악/댄스/가수,AOMGOFFICIAL,"1,370,000","282,760,000",333
BJ/인물/연예인,NALU,"1,370,000","102,300,000",153
음악/댄스/가수,워너뮤직코리아 (Warner Music Korea),"1,360,000","775,890,000","2,405"
음악/댄스/가수,BEAST 비스트 (Official YouTube Channel),"1,360,000","581,720,000",118
음식/요리/레시피,산적TV 밥굽남,"1,360,000","277,340,000",534
TV/방송,Mera,"1,360,000","1,184,890,000","7,536"
뉴스/정치/사회,SBS STORY,"1,350,000","1,710,170,000","78,719"
BJ/인물/연예인,JAYKEEOUT,"1,350,000","179,320,000",210
미분류,식빵언니 김연경Bread Unnie,"1,340,000","72,500,000",54
키즈/어린이,티디키즈 by 지니키즈,"1,340,000","871,030,000",389
뉴스/정치/사회,세바시 강연 Sebasi Talk,"1,330,000","277,370,000","1,982"
TV/방송,BLACKHAND,"1,320,000","321,790,000",50
뉴스/정치/사회,KBS News,"1,320,000","1,844,530,000","176,159"
BJ/인물/연예인,박막례 할머니 Korea Grandma,"1,320,000","395,010,000",428
BJ/인물/연예인,신세경 sjkuksee,"1,310,000","45,630,000",33
음악/댄스/가수,Apink (에이핑크),"1,310,000","350,110,000",624
BJ/인물/연예인,꽈뚜룹,"1,310,000","399,540,000",720
교육/강의,jannahkorea 잔나코리아,"1,310,000","116,240,000",413
영화/만화/애니,CheezeFilm,"1,300,000","354,850,000",202
키즈/어린이,뉴욕이랑 컬러,"1,300,000","467,910,000",506
음악/댄스/가수,AOA (에이오에이),"1,300,000","673,360,000",194
키즈/어린이,헬로카봇 - hello carbot official,"1,290,000","1,168,000,000","1,133"
취미/라이프,탱구TV,"1,290,000","45,860,000",27
BJ/인물/연예인,정선호,"1,290,000","471,090,000",421
TV/방송,dingo global DGG,"1,280,000","386,080,000",393
키즈/어린이,깨비키즈 [KEBIKIDS],"1,280,000","1,392,110,000","1,711"
패션/미용,lamuqe,"1,280,000","117,390,000",270
애완/반려동물,강형욱의 보듬TV - Dog Trainer Kang,"1,280,000","225,240,000",695
TV/방송,딩고 스토리 / dingo story,"1,280,000","283,490,000",334
음악/댄스/가수,GENIE MUSIC,"1,270,000","431,880,000","3,926"
취미/라이프,낄낄상회,"1,260,000","317,470,000",225
음악/댄스/가수,선미 SUNMI,"1,260,000","245,820,000",147
음악/댄스/가수,ONEUS,"1,260,000","182,090,000",334
음악/댄스/가수,Prepix Dance Studio,"1,260,000","218,080,000","3,883"
음악/댄스/가수,RealVIXX,"1,260,000","365,970,000",724
TV/방송,디스커버리 서바이벌 - Discovery Survival,"1,260,000","350,260,000",382
교육/강의,체인지그라운드,"1,260,000","229,850,000","3,079"
TV/방송,Beginagain 비긴어게인,"1,250,000","477,030,000",876
음악/댄스/가수,2PM,"1,250,000","358,870,000",410
음악/댄스/가수,Dreamcatcher official,"1,240,000","310,750,000",365
음식/요리/레시피,취미로 요리하는 남자 Yonam,"1,240,000","101,800,000",67
게임,악어 유튜브,"1,240,000","1,376,830,000","6,317"
영화/만화/애니,김시선,"1,240,000","389,630,000",369
스포츠/운동,Shoot for Love 슛포러브,"1,240,000","657,880,000",723
TV/방송,피키픽처스 Piki Pictures,"1,230,000","448,050,000",569
게임,우왁굳의 게임방송,"1,220,000","967,470,000","7,267"
애완/반려동물,크집사,"1,220,000","185,660,000",284
교육/강의,seemile Korean 씨마일 한국어,"1,210,000","89,240,000","1,101"
TV/방송,14F 일사에프,"1,210,000","382,810,000","2,230"
TV/방송,놀면 뭐하니?,"1,210,000","423,780,000",578
TV/방송,eaJ,"1,210,000","47,710,000",31
음식/요리/레시피,스윗더미 . Sweet The MI,"1,210,000","116,780,000",318
음식/요리/레시피,파뿌리,"1,210,000","1,009,840,000","1,323"
음악/댄스/가수,official A.C.E,"1,210,000","158,290,000",548
BJ/인물/연예인,임영웅,"1,200,000","968,280,000",573
BJ/인물/연예인,턱형 (GOD-TUK),"1,200,000","423,530,000",529
뉴스/정치/사회,채널A 뉴스,"1,200,000","1,429,340,000","60,862"
게임,우주하마,"1,200,000","594,310,000","1,794"
교육/강의,Talk To Me In Korean,"1,200,000","58,100,000","1,695"
음식/요리/레시피,DICKHUNTER딕헌터🌶,"1,200,000","296,750,000",374
패션/미용,다또아Daddoa,"1,190,000","92,290,000",185
BJ/인물/연예인,Lia Kim,"1,190,000","65,950,000",53
패션/미용,회사원A,"1,190,000","386,310,000",504
취미/라이프,휘트니 whitney bae,"1,190,000","299,380,000",317
게임,테스터훈 TesterHoon,"1,190,000","767,150,000","2,299"
BJ/인물/연예인,수상한녀석들,"1,190,000","245,410,000",167
미분류,INTHESOOP_TV,"1,170,000","18,650,000",13
음악/댄스/가수,SEVENTEEN Japan official Youtube,"1,170,000","186,680,000",107
음악/댄스/가수,TJ KARAOKE TJ 노래방 공식 유튜브채널,"1,170,000","1,315,550,000","55,072"
TV/방송,Coreaníssima 엘레나,"1,170,000","76,580,000",166
음악/댄스/가수,MOVE Dance Studio 무브댄스학원,"1,170,000","238,130,000","2,347"
뉴스/정치/사회,사람사는세상노무현재단,"1,170,000","117,690,000",791
TV/방송,달라스튜디오,"1,160,000","128,450,000",75
영화/만화/애니,PLAYY ANI 플레이애니,"1,160,000","467,410,000",621
TV/방송,sNack!,"1,160,000","896,830,000","1,857"
BJ/인물/연예인,ondo온도,"1,160,000","113,990,000",169
TV/방송,오분순삭,"1,150,000","1,165,120,000","1,501"
TV/방송,잼스터,"1,150,000","318,410,000",358
TV/방송,CJ ENM,"1,150,000","1,741,590,000","14,900"
BJ/인물/연예인,소련여자 Soviet girl in Seoul,"1,140,000","152,740,000",99
음악/댄스/가수,DaftTaengk,"1,140,000","666,810,000","5,277"
키즈/어린이,미니카 Minicar,"1,140,000","663,450,000","1,649"
TV/방송,그것이 알고싶다 공식계정,"1,130,000","285,200,000",512
게임,침착맨,"1,130,000","672,560,000","5,879"
취미/라이프,Squash Clay 쪼물쪼물 클레이,"1,130,000","194,060,000",451
BJ/인물/연예인,Cheri Hyeri 체리 혜리,"1,130,000","156,210,000",357
교육/강의,조승연의 탐구생활,"1,120,000","78,070,000",192
음식/요리/레시피,야식이,"1,120,000","391,160,000","1,206"
음악/댄스/가수,YGTAEYANG,"1,120,000","60,290,000",26
TV/방송,티캐스트 tcast,"1,120,000","1,280,140,000","9,311"
음식/요리/레시피,우리의식탁 W TABLE,"1,120,000","83,660,000",346
음식/요리/레시피,야식이,"1,120,000","391,160,000","1,206"
음식/요리/레시피,애주가TV참PD,"1,120,000","505,840,000","1,090"
애완/반려동물,haha ha,"1,120,000","373,650,000",413
음악/댄스/가수,CLC 씨엘씨 (Official YouTube Channel),"1,110,000","214,860,000",187
TV/방송,오킹TV,"1,110,000","417,420,000","1,209"
영화/만화/애니,Tooniverse-투니버스,"1,110,000","783,270,000","3,809"
뉴스/정치/사회,TBS 시민의방송,"1,110,000","865,680,000","34,553"
음식/요리/레시피,맛있는 녀석들 (Tasty Guys),"1,110,000","1,202,870,000","3,048"
국내/해외/여행,코이티비KOITV,"1,110,000","710,140,000","1,222"
미분류,디글 :Diggle,"1,100,000","2,102,490,000","12,796"
TV/방송,KBS CoolFM,"1,100,000","530,670,000","8,225"
키즈/어린이,woojoo우주,"1,100,000","358,530,000",85
게임,혜안,"1,100,000","389,120,000",745
음식/요리/레시피,먹어볼래TryToEat,"1,100,000","157,700,000",193
게임,릴카,"1,100,000","378,480,000",878
미분류,SiriusXM,"1,090,000","701,300,000","6,066"
음악/댄스/가수,강다니엘 KANGDANIEL,"1,090,000","175,740,000",113
음식/요리/레시피,BenDeen,"1,090,000","137,140,000",283
음악/댄스/가수,PLEDIS ENTERTAINMENT,"1,090,000","275,840,000",250
TV/방송,한문철 TV,"1,090,000","925,610,000","12,719"
음악/댄스/가수,UPVOTE Entertainment,"1,090,000","257,800,000","1,293"
취미/라이프,rappeler하쁠리,"1,090,000","418,180,000",678
주식/경제/부동산,미래에셋 스마트머니,"1,080,000","87,780,000","1,033"
음식/요리/레시피,이 남자의 cook,"1,080,000","194,360,000",524
주식/경제/부동산,[삼성증권] Samsung POP,"1,080,000","106,160,000",884
회사/오피셜,미스&미스터트롯 공식계정,"1,080,000","801,330,000","2,941"
TV/방송,V LIVE,"1,080,000","630,450,000","2,755"
TV/방송,Dingo K-Drama,"1,080,000","195,460,000",411
키즈/어린이,마이린 TV,"1,080,000","731,370,000","2,252"
BJ/인물/연예인,성수커플 - S.S Couple,"1,080,000","322,960,000",386
TV/방송,뻑가 PPKKa,"1,070,000","626,530,000",706
취미/라이프,효기심,"1,070,000","131,580,000",176
음악/댄스/가수,CNBLUE (씨엔블루),"1,060,000","211,670,000",181
TV/방송,SK telecom,"1,060,000","881,810,000","2,297"
TV/방송,sankok esl,"1,060,000","8,740,000",99
BJ/인물/연예인,조섭 Jossup,"1,060,000","444,080,000","1,182"
애완/반려동물,정브르,"1,060,000","481,660,000","1,481"
BJ/인물/연예인,Sibongtv 시봉tv,"1,060,000","62,840,000",277
음악/댄스/가수,MORE THAN YOUTH,"1,050,000","248,530,000",700
음악/댄스/가수,Rock Music,"1,050,000","558,970,000","7,689"
게임,겜브링 GGAM BRING,"1,050,000","1,155,120,000","2,049"
음식/요리/레시피,핫도그TV,"1,050,000","729,450,000",870
TV/방송,이슈텔러 issueTeller,"1,050,000","449,380,000",564
TV/방송,밍꼬발랄Mingggo,"1,050,000","1,285,370,000",857
패션/미용,써니채널 Sunny's Channel,"1,040,000","94,580,000",162
음악/댄스/가수,빅마블,"1,040,000","8,190,000",8
음식/요리/레시피,얌무YAMMoo,"1,040,000","202,300,000",592
패션/미용,kiu기우쌤,"1,030,000","280,980,000",309
교육/강의,법륜스님의 즉문즉설,"1,030,000","672,760,000","1,786"
뉴스/정치/사회,비디오머그 - VIDEOMUG,"1,030,000","1,696,460,000","5,029"
영화/만화/애니,드림텔러(DreamTeller),"1,030,000","473,830,000",488
BJ/인물/연예인,소근커플 S.K.Couple,"1,030,000","358,580,000",393
취미/라이프,Bandung Oppa 반둥오빠,"1,030,000","83,920,000",346
스포츠/운동,힙으뜸,"1,020,000","169,750,000",325
키즈/어린이,브레드이발소,"1,020,000","435,800,000",622
게임,킴성태TV,"1,020,000","683,970,000","1,602"
취미/라이프,츄팝,"1,020,000","466,100,000",456
영화/만화/애니,DinoCore TUBA,"1,010,000","698,910,000",894
키즈/어린이,JoyKids,"1,010,000","565,900,000",149
교육/강의,공부의신 강성태,"1,010,000","261,640,000","2,568"
음악/댄스/가수,SUPER SOUND Bugs!,"1,010,000","645,460,000","2,958"
영화/만화/애니,B Man 삐맨,"1,010,000","476,610,000",503
BJ/인물/연예인,헌터퐝,"1,000,000","194,560,000",253
영화/만화/애니,달빛뮤즈,"1,000,000","215,630,000",381
게임,기리TV,"1,000,000","979,110,000","2,539"
게임,쁘허,"1,000,000","351,820,000",939
TV/방송,딩고 / dingo,"990,000","326,400,000",667
IT/기술/컴퓨터,약사가 들려주는 약 이야기,"990,000","115,270,000",445
TV/방송,우와한 비디오,"990,000","1,085,320,000","1,128"
미분류,수빙수tv sooBingsoo,"980,000","281,780,000",246
BJ/인물/연예인,유준호,"980,000","420,430,000","1,238"
취미/라이프,집꾸미기,"980,000","91,590,000",218
TV/방송,모비딕 Mobidic,"970,000","297,170,000","1,161"
영화/만화/애니,Puuung,"970,000","45,660,000",301
취미/라이프,ColorMonsters Toy,"970,000","544,870,000","1,040"
미분류,히밥heebab,"970,000","224,220,000",332
미분류,논리왕 전기,"970,000","97,170,000",80
취미/라이프,Kim Miso,"970,000","55,960,000",289
게임,램램TV,"970,000","787,050,000","2,168"
미분류,채꾸똥꾸 (Cherry & Dong),"970,000","251,890,000",268
취미/라이프,제이제이살롱드핏,"970,000","180,070,000",415
게임,텔론,"970,000","887,950,000","3,080"
음식/요리/레시피,SOF,"970,000","354,950,000","1,506"
게임,코너Korner,"970,000","578,340,000",575
스포츠/운동,말왕TV,"960,000","329,300,000",878
미분류,MayTree,"960,000","114,780,000",137
뉴스/정치/사회,KBS 다큐,"960,000","560,350,000","49,719"
해외,TNT,"950,000","595,170,000","4,321"
음악/댄스/가수,일반인들의 소름돋는 라이브 / Best covers,"940,000","374,600,000","3,686"
키즈/어린이,마시따 MASITTA,"940,000","554,290,000",216
키즈/어린이,퍼플 토이박스(Purple Toy Box),"940,000","581,730,000","1,342"
음악/댄스/가수,장범준,"940,000","348,270,000",504
게임,액션홍구,"940,000","525,180,000","2,903"
TV/방송,키에커,"940,000","260,600,000",151
뉴스/정치/사회,SBS Radio 에라오,"930,000","497,450,000","15,887"
TV/방송,유병재,"930,000","111,660,000",124
BJ/인물/연예인,남순 NS,"930,000","906,950,000","3,517"
음악/댄스/가수,KIM HYUN JOONG.official,"930,000","115,590,000",316
게임,마재TV,"930,000","649,620,000","3,796"
BJ/인물/연예인,(MUTUBE)와꾸대장봉준,"930,000","802,640,000","7,658"
게임,잉여맨 유튜브,"920,000","806,010,000","2,049"
음식/요리/레시피,삼대장 Samdaejang,"920,000","487,620,000","1,052"
뉴스/정치/사회,뉴스TVCHOSUN,"920,000","676,850,000","63,662"
TV/방송,YG TREASURE BOX,"910,000","249,750,000",496
BJ/인물/연예인,띠미 ddimmi,"910,000","341,350,000",702
키즈/어린이,Boram Tube Friends,"910,000","7,310,000",73
패션/미용,디렉터 파이,"910,000","122,720,000",259
게임,유키 YOUKI,"910,000","206,760,000",889
음식/요리/레시피,가르마[GARMA],"910,000","256,770,000","1,109"
게임,괴물쥐 유튜브,"910,000","603,840,000",848
미분류,연스커플 Yeon's Couple,"910,000","150,760,000",223
BJ/인물/연예인,U.M.A.우마,"900,000","212,970,000",137
TV/방송,배꼽빌라,"900,000","274,130,000",375
음악/댄스/가수,ALiEN,"900,000","178,870,000",257
게임,테드TV,"900,000","793,850,000","2,173"
미분류,Louis Vuitton,"900,000","390,020,000",278
패션/미용,윤쨔미 YoonCharmi,"890,000","233,090,000",321
패션/미용,Saerom Min개코의 오픈스튜디오,"890,000","98,700,000",146
BJ/인물/연예인,슛뚜sueddu,"890,000","42,460,000",173
영화/만화/애니,LICO TV,"890,000","127,070,000",186
음악/댄스/가수,MUPLY 뮤플리,"890,000","216,820,000",419
게임,군림보,"890,000","595,850,000","4,772"
TV/방송,김이브님 [kim eve],"890,000","630,350,000","2,836"
키즈/어린이,토깽이네,"890,000","865,090,000","1,358"
애완/반려동물,Girls Planet,"880,000","287,650,000",377
영화/만화/애니,WatchcarTV,"880,000","411,730,000",201
미분류,핏블리 FITVELY,"880,000","203,000,000",561
뉴스/정치/사회,배승희 변호사,"880,000","394,640,000","1,184"
미분류,김소형 채널H,"880,000","153,000,000",743
뉴스/정치/사회,신인균의 국방TV,"870,000","403,110,000","1,537"
음악/댄스/가수,MUSIC&NEW 뮤직앤뉴,"870,000","926,240,000","6,766"
미분류,밀라논나 Milanonna,"870,000","53,660,000",79
미분류,공부왕찐천재 홍진경,"870,000","76,640,000",74
음악/댄스/가수,SF9,"870,000","63,130,000",264
국내/해외/여행,Sophie Kim _하은,"870,000","27,930,000",117
미분류,김작가 TV,"870,000","160,850,000","1,252"
게임,머독방송,"870,000","775,740,000","11,373"
미분류,미션 파서블,"860,000","98,610,000",91
키즈/어린이,액션 Action,"860,000","417,170,000","1,588"
키즈/어린이,POYO Music Official,"860,000","660,050,000","1,433"
음악/댄스/가수,missA,"860,000","360,640,000",49
키즈/어린이,뚜아뚜지TV,"860,000","356,330,000","1,209"
미분류,사피엔스 스튜디오,"860,000","238,000,000","2,622"
취미/라이프,달려라치킨 Dalchi,"860,000","213,930,000",590
게임,연다,"860,000","515,850,000","1,796"
TV/방송,옛능 : MBC 옛날 예능 다시보기,"850,000","1,037,000,000","2,050"
해외,Variety,"850,000","409,580,000","4,039"
음악/댄스/가수,TSENT2008,"840,000","380,710,000",445
뉴스/정치/사회,MBN News,"840,000","864,270,000","94,803"
키즈/어린이,Toystar TV,"840,000","342,420,000",72
회사/오피셜,SM C&C STUDIO,"840,000","100,820,000",476
게임,울산큰고래 박성주,"840,000","622,240,000","3,096"
음식/요리/레시피,고기남자 MeatMan,"840,000","103,030,000",68
음악/댄스/가수,ALL THE K-JAM 올더케이잼,"840,000","856,670,000","13,428"
음악/댄스/가수,HOLLAND,"840,000","29,420,000",28
뉴스/정치/사회,딴지방송국,"840,000","189,050,000",639
애완/반려동물,냥이아빠,"830,000","280,000,000",444
TV/방송,라이프타임,"830,000","303,980,000","1,520"
음식/요리/레시피,뽐뽐뽐,"830,000","63,940,000",175
미분류,임한올 Hanol Rim,"830,000","88,330,000",139
TV/방송,z a m,"830,000","570,170,000","1,777"
패션/미용,Jella젤라,"830,000","55,950,000",185
교육/강의,라이브 아카데미,"830,000","74,020,000",458
영화/만화/애니,Hello Jadoo TV 안녕 자두야,"820,000","307,540,000",467
영화/만화/애니,리뷰엉이: Owl's Review,"820,000","297,580,000",448
BJ/인물/연예인,강유미 yumi kang좋아서 하는 채널,"820,000","185,960,000",310
게임,돼지저금통,"820,000","1,364,360,000","5,472"
BJ/인물/연예인,쿠쿠크루 - Cuckoo Crew,"820,000","449,730,000",616
음식/요리/레시피,서담SEODAM,"820,000","145,980,000",230
영화/만화/애니,빨강도깨비,"820,000","324,750,000",330
IT/기술/컴퓨터,1분과학,"820,000","75,700,000",60
IT/기술/컴퓨터,의학채널 비온뒤,"820,000","177,830,000","4,248"
키즈/어린이,고고다이노-GOGO DINO,"820,000","600,060,000",801
음악/댄스/가수,CL,"810,000","56,610,000",5
게임,개리형,"810,000","309,610,000",544
취미/라이프,Mimine Miniature 미미네 미니어처,"810,000","157,810,000",162
TV/방송,이환,"810,000","259,010,000",334
TV/방송,Megan Moon,"810,000","128,190,000",516
TV/방송,Mdromeda KPOP,"810,000","237,500,000",444
음악/댄스/가수,Jenny Yun,"810,000","114,590,000",553
패션/미용,UNA 유나,"810,000","63,990,000",148
미분류,1분미만,"810,000","168,330,000",117
해외,ZeeKay Junior,"800,000","810,310,000",841
음악/댄스/가수,PARK JIHOON Official,"800,000","39,030,000",170
BJ/인물/연예인,SUNBA선바,"800,000","950,180,000","2,219"
TV/방송,fantagio 판타지오,"800,000","175,040,000",213
영화/만화/애니,신비아파트 공식채널 - Shinbi House,"800,000","442,930,000","1,052"
패션/미용,areumsongee아름송이,"800,000","66,170,000",177
미분류,TOP MEDIA,"800,000","159,600,000",497
키즈/어린이,리틀조이 LittleJoy,"790,000","221,770,000",193
음악/댄스/가수,OFFICIAL EPIK HIGH,"790,000","224,860,000",208
TV/방송,리모콘 by iHQ,"790,000","686,700,000","5,030"
TV/방송,준우,"790,000","181,780,000",157
영화/만화/애니,9bul,"790,000","227,230,000",201
미분류,Rolling Stone,"790,000","252,400,000","2,874"
게임,Partition Zion,"790,000","340,300,000",919
패션/미용,한별Hanbyul,"780,000","124,290,000",272
미분류,Jin & Juice,"780,000","127,490,000",166
음식/요리/레시피,THE BOB - 더 밥 스튜디오,"780,000","53,280,000",502
TV/방송,찬우살이,"780,000","27,670,000",140
BJ/인물/연예인,StimBoy스팀보이,"780,000","364,620,000",649
음악/댄스/가수,• m i n a m o c h i •,"780,000","338,070,000",118
TV/방송,STUDIO DIA 스튜디오 다이아,"780,000","201,130,000",506
영화/만화/애니,람다람,"780,000","84,550,000",60
TV/방송,옐언니,"780,000","186,340,000",331
음악/댄스/가수,HyunA 현아 (Official YouTube Channel),"780,000","98,640,000",10
국내/해외/여행,빠니보틀 Pani Bottle,"780,000","152,640,000",210
미분류,하하 PD HAHA PD,"770,000","37,560,000",70
주식/경제/부동산,E트렌드,"770,000","67,820,000","1,334"
음악/댄스/가수,BRANDNEW MUSIC,"770,000","262,380,000","1,236"
키즈/어린이,메카드 - MECARD OFFICIAL,"770,000","603,020,000","1,170"
애완/반려동물,속삭이는몽자,"770,000","185,590,000",449
TV/방송,TongTongTv 통통컬처,"770,000","535,160,000","11,209"
미분류,토모토모TomoTomo,"770,000","113,420,000",112
게임,김왼팔,"770,000","470,810,000","2,106"
BJ/인물/연예인,케이,"770,000","501,260,000","3,127"
뉴스/정치/사회,조선일보,"770,000","413,710,000","12,846"
음악/댄스/가수,wondergirls,"770,000","405,150,000",217
게임,Dorami,"770,000","188,350,000","1,055"
게임,T1,"770,000","209,860,000","2,547"
TV/방송,이라이라경 ravely,"770,000","205,450,000",326
취미/라이프,공대생가족 GDSF,"760,000","311,490,000","1,226"
미분류,엄마의손맛,"760,000","151,930,000",546
음악/댄스/가수,H1GHR MUSIC,"760,000","202,300,000",455
뉴스/정치/사회,엠빅뉴스,"760,000","1,573,440,000","3,690"
미분류,양장금주부,"760,000","154,100,000",542
TV/방송,POWER MOVIE,"760,000","224,270,000",217
TV/방송,히스토리,"760,000","478,120,000","1,782"
미분류,SISSEL,"760,000","36,040,000",209
키즈/어린이,주니토니 동요동화 - 키즈캐슬,"760,000","689,790,000",574
애완/반려동물,다흑,"750,000","476,790,000","2,341"
키즈/어린이,ToyCheff,"750,000","353,890,000",447
게임,탁주 TV,"750,000","1,518,520,000","1,988"
키즈/어린이,Robot Trains official,"750,000","552,740,000",744
미분류,뽀송한 준_bosungjun,"750,000","47,980,000",87
게임,GCL 지씨엘,"750,000","192,970,000",302
TV/방송,Zaty Farhani,"740,000","798,920,000","1,633"
TV/방송,KBS N,"740,000","1,220,660,000","13,409"
뉴스/정치/사회,빽능 - 스브스 옛날 예능,"740,000","827,480,000","3,260"
TV/방송,타임스낵,"740,000","187,920,000",195
BJ/인물/연예인,bobaepapa - 보배아빠,"740,000","332,670,000",333
패션/미용,리아루아 LIALUA,"740,000","205,950,000",314
패션/미용,Yoo's Beauty 희주,"730,000","22,630,000",105
교육/강의,법륜스님의 희망세상만들기,"730,000","365,400,000",724
TV/방송,Travel Tube,"730,000","753,160,000","1,361"
TV/방송,LDF TV by lottedutyfree,"730,000","562,570,000","1,246"
패션/미용,yeondukong 연두콩,"730,000","96,890,000",367
미분류,ROKSEAL,"730,000","70,600,000",79
미분류,CU [씨유튜브],"730,000","18,610,000",211
미분류,랄로,"730,000","227,950,000",348
패션/미용,sunnydahye,"730,000","50,410,000",334
미분류,Golden Disc Awards,"730,000","188,160,000",501
음악/댄스/가수,HYOLYN 효린,"730,000","133,880,000",111
미분류,지켜츄 Chuu Can Do It,"730,000","39,510,000",57
애완/반려동물,시바견 곰이탱이여우,"730,000","355,750,000","1,185"
BJ/인물/연예인,송대익 songdaeik,"730,000","376,250,000",439
TV/방송,스튜디오 룰루랄라- studio lululala,"720,000","190,900,000",890
게임,러너꽃빈TV,"720,000","589,280,000","3,155"
음식/요리/레시피,띠예,"720,000","82,220,000",39
TV/방송,Kyunghamin твоя корейская онни,"720,000","63,070,000",329
영화/만화/애니,UTZI웃지,"720,000","397,400,000",242
교육/강의,닥터프렌즈,"720,000","134,810,000",496
음악/댄스/가수,DKDKTV,"720,000","153,540,000","1,094"
TV/방송,핫소스,"720,000","452,550,000",459
음악/댄스/가수,VICTON 빅톤,"720,000","141,600,000",666
음악/댄스/가수,B1A4 OFFICIAL +,"720,000","184,040,000",317
뉴스/정치/사회,전옥현 안보정론TV,"720,000","331,970,000","4,226"
취미/라이프,DanoTV,"720,000","135,120,000",570
미분류,천뚱TV,"720,000","63,540,000",31
미분류,랭킹스쿨 Ranking School,"720,000","369,120,000",647
뉴스/정치/사회,KBS 교양,"720,000","556,510,000","66,595"
음악/댄스/가수,Yuni Marimba 유니 마림바,"720,000","92,230,000",103
음악/댄스/가수,Healing Meditation,"710,000","70,540,000",211
음악/댄스/가수,MBC WORLD,"710,000","541,540,000","4,756"
미분류,leeminho film,"710,000","10,760,000",14
음식/요리/레시피,윰댕(yum-cast),"710,000","516,320,000","3,231"
BJ/인물/연예인,대륙남TV [clark tv],"710,000","392,320,000","3,025"
게임,스페셜솔져 - 모바일FPS,"710,000","15,040,000",137
키즈/어린이,지호토이TV JIHOTOY,"710,000","562,640,000","1,847"
BJ/인물/연예인,외질혜 (OzilTube),"710,000","433,840,000","1,587"
TV/방송,나혼자산다 STUDIO,"710,000","222,430,000",287
패션/미용,헤이즐 Heizle,"710,000","74,450,000",290
음악/댄스/가수,HEADLINER,"710,000","167,860,000",186
음악/댄스/가수,SonyToby,"710,000","71,800,000",94
미분류,이재성 박사의 식탁보감,"710,000","54,900,000",229
음악/댄스/가수,Official fromis_9,"700,000","210,480,000",485
TV/방송,뉴스엔·NewsenTV·KOREA Entertainment news,"700,000","241,400,000","8,396"
뉴스/정치/사회,채널A 뉴스TOP10,"700,000","570,610,000","16,060"
교육/강의,THE J,"700,000","123,540,000",535
키즈/어린이,ToyMoon토이문,"700,000","262,110,000",251
뉴스/정치/사회,연합뉴스TV,"700,000","918,130,000","362,555"
뉴스/정치/사회,가로세로연구소,"700,000","452,930,000","2,913"
취미/라이프,Soy ASMR,"700,000","141,380,000",435
음악/댄스/가수,임창정,"690,000","197,160,000",294
회사/오피셜,KB국민카드,"690,000","219,570,000",512
게임,Charming Jo 조매력,"690,000","188,220,000","1,150"
TV/방송,김달,"690,000","227,240,000",729
미분류,육식맨 YOOXICMAN,"690,000","109,680,000",99
TV/방송,smile -wA-,"690,000","517,280,000","5,323"
영화/만화/애니,Sechi,"690,000","223,190,000",267
음악/댄스/가수,TEEN TOP Official,"690,000","196,310,000",775
미분류,함께해요 맛나요리,"690,000","158,390,000",424
키즈/어린이,코코몽 COCOMONG TV - Cartoon & Song For Kids,"690,000","848,430,000","1,188"
BJ/인물/연예인,긱블 Geekble,"690,000","176,510,000",300
미분류,뀨러기 [kkyuleogi],"690,000","177,530,000",240
영화/만화/애니,DAZBEE official,"690,000","238,120,000",121
음식/요리/레시피,인아짱 Inah Eats,"690,000","144,710,000",996
영화/만화/애니,써리의 영상툰 SSULY TOON,"690,000","467,150,000",945
패션/미용,에바EVA,"690,000","101,040,000",299
음악/댄스/가수,LJ Dance,"680,000","91,820,000","1,744"
TV/방송,시미켄 TV,"680,000","94,590,000",89
음악/댄스/가수,MBK Entertainment [Official],"680,000","387,260,000",417
키즈/어린이,애니한TV AnnieHanTV,"680,000","645,430,000","1,145"
미분류,방가네,"680,000","153,760,000",182
국내/해외/여행,EBS 컬렉션 - 라이프스타일,"680,000","407,310,000","2,907"
키즈/어린이,로보카폴리 TV,"680,000","423,310,000","1,045"
게임,문호준,"680,000","419,040,000","1,044"
BJ/인물/연예인,난쟁이성현,"680,000","172,030,000",678
음악/댄스/가수,PianiCast - 피아니캐스트,"680,000","171,350,000",106
미분류,이슈왕 TV,"680,000","340,370,000",997
패션/미용,김습습Double Soup,"680,000","52,700,000",274
뉴스/정치/사회,이봉규TV,"680,000","424,770,000","6,752"
취미/라이프,ASMR Ouvir 오비르,"680,000","114,290,000",149
미분류,랄랄ralral,"680,000","118,090,000",324
미분류,웅이woongei,"680,000","142,820,000",264
미분류,DAWN,"680,000","46,210,000",33
음악/댄스/가수,Bigman,"680,000","53,330,000",45
뉴스/정치/사회,스브스뉴스 SUBUSU NEWS,"680,000","706,370,000","2,489"
키즈/어린이,간니닌니 다이어리,"670,000","604,450,000","1,762"
TV/방송,SIMI TV,"670,000","80,010,000",76
뉴스/정치/사회,Newstapa,"670,000","233,810,000","3,747"
게임,밍모,"670,000","427,130,000","1,416"
뉴스/정치/사회,펜앤드마이크TV,"670,000","466,870,000","10,502"
음식/요리/레시피,권회훈,"670,000","269,050,000","1,273"
게임,김성회의 G식백과,"670,000","143,910,000",217
TV/방송,제이제이,"670,000","196,560,000",501
패션/미용,새벽,"670,000","93,300,000",505
취미/라이프,미니미니 MiniMini,"670,000","318,380,000",326
미분류,주부나라,"670,000","149,240,000",761
미분류,이리오너라,"660,000","48,290,000","1,554"
TV/방송,레바스튜디오,"660,000","286,580,000",420
미분류,SM STATION,"660,000","41,060,000",90
미분류,과나gwana,"660,000","88,300,000",76
미분류,815머니톡,"660,000","160,880,000","2,610"
TV/방송,덕출 : DCTVGO,"660,000","172,010,000",312
게임,강 지,"660,000","480,710,000","1,072"
음악/댄스/가수,조싀앤바믜 Josh & Bamui,"660,000","180,390,000",193
TV/방송,백만뷰,"660,000","448,180,000","9,311"
교육/강의,입시덕후,"660,000","267,830,000",398
음악/댄스/가수,GIRL'S DAY,"660,000","245,940,000",150
패션/미용,Ha Neul오늘의 하늘,"660,000","101,840,000",284
음식/요리/레시피,Team_SeikaTV(팀세이카),"660,000","132,860,000",115
BJ/인물/연예인,깨박이,"660,000","374,400,000","1,248"
미분류,스토리,"660,000","89,620,000",39
패션/미용,로즈하ROSEHA,"650,000","71,180,000",176
미분류,직업의모든것,"650,000","224,930,000",294
TV/방송,김용호연예부장,"650,000","121,500,000",256
패션/미용,Dear.Jerry제리,"650,000","41,670,000",152
뉴스/정치/사회,한국경제TV,"650,000","204,470,000","49,733"
패션/미용,LENA,"650,000","133,870,000",136
BJ/인물/연예인,요리왕비룡 Korean Food Cooking,"650,000","131,120,000",584
게임,수탉,"650,000","308,720,000","1,310"
TV/방송,PANGKICK 팡킥,"650,000","214,900,000",85
음식/요리/레시피,키미 Kimi,"650,000","45,270,000",91
키즈/어린이,뿌직PPUJIG,"650,000","487,250,000",425
게임,Official Dopa,"650,000","291,300,000","1,220"
음식/요리/레시피,허미노MINO,"650,000","244,920,000","1,670"
주식/경제/부동산,코스픽(KosPick),"640,000","24,030,000","1,176"
음식/요리/레시피,입질의추억TV jiminTV,"640,000","188,680,000",320
TV/방송,걍밍경,"640,000","36,760,000",34
패션/미용,금강연화,"640,000","240,440,000",619
IT/기술/컴퓨터,테크몽 Techmong,"640,000","86,480,000",341
스포츠/운동,JK 아트사커 온라인,"640,000","224,690,000",409
미분류,송슐랭 가이드 - SONGCHELIN GUIDE,"640,000","18,830,000",110
영화/만화/애니,CK Animation School_2016-2018,"640,000","205,340,000",698
패션/미용,Q2HAN,"640,000","69,300,000",697
주식/경제/부동산,부동산 읽어주는 남자,"640,000","65,280,000",464
자동차,우파푸른하늘Woopa TV,"640,000","339,010,000",947
영화/만화/애니,홍시네마,"640,000","203,530,000",156
음악/댄스/가수,BELLA&LUCAS 벨라앤루카스,"630,000","74,720,000",290
TV/방송,tweety 트위티,"630,000","72,170,000",153
게임,유소나,"630,000","199,370,000",709
미분류,지식한입,"630,000","42,760,000",54
미분류,검은고양이 다홍 Blackcat Dahong,"630,000","36,540,000",44
미분류,꼰대희,"630,000","96,710,000",104
게임,퀸톨 TV,"630,000","463,550,000","2,065"
BJ/인물/연예인,김도고 Doggo Kim,"630,000","157,710,000",153
게임,LCK,"630,000","492,280,000","3,893"
TV/방송,Spinel CAM,"630,000","675,730,000","8,576"
키즈/어린이,손오공,"630,000","647,350,000",729
취미/라이프,여정을떠난여정,"630,000","136,320,000",285
미분류,팩토리,"620,000","56,480,000",27
미분류,deemd 딤디,"620,000","60,700,000",141
미분류,쏘대장,"620,000","122,430,000",309
패션/미용,도영도영이,"620,000","43,420,000",161
미분류,지기TV,"620,000","147,200,000",703
미분류,나르앤나르시Nar.Couple,"620,000","69,540,000",130
미분류,단하나 DANHANA,"620,000","105,850,000",87
TV/방송,OCN,"620,000","572,130,000","11,771"
패션/미용,会社員J,"620,000","122,950,000",391
TV/방송,매미킴 TV,"620,000","156,590,000",248
TV/방송,Rio y Christian,"620,000","54,480,000",294
음악/댄스/가수,다이아나Diana,"620,000","170,730,000","1,773"
음악/댄스/가수,정동원TV,"620,000","220,510,000",263
게임,저라뎃 JUSTLIKETHAT,"620,000","561,900,000","2,888"
음악/댄스/가수,lEtudel,"620,000","242,020,000","2,969"
BJ/인물/연예인,예씨 yessii,"620,000","376,950,000",778
미분류,Bravo jamoasi,"610,000","115,500,000",84
패션/미용,소윤Soyoon,"610,000","59,580,000",154
게임,코아 TV,"610,000","425,580,000","1,029"
게임,삼식,"610,000","221,380,000","1,906"
TV/방송,샒의 삶Serim's life,"610,000","185,710,000",520
음식/요리/레시피,한식푸우 Korean food,"610,000","243,420,000","1,576"
음식/요리/레시피,맛상무,"610,000","230,810,000","1,266"
패션/미용,슈스스TV,"610,000",0,0
TV/방송,씨그널V [ Signal V ],"610,000","289,350,000",731
미분류,캡틴 파추호 Captain PaChuHO,"610,000","35,350,000",50
키즈/어린이,지니어드벤쳐 GeniAdventure (공룡∙과학 Dinosaurs),"610,000","592,300,000",426
미분류,지피티,"610,000","126,480,000",713
영화/만화/애니,Netflix Korea 넷플릭스 코리아,"610,000","164,330,000","1,339"
뉴스/정치/사회,성제준TV,"610,000","192,730,000",966
IT/기술/컴퓨터,UNDERkg,"610,000","314,570,000","2,287"
TV/방송,MBC 미스터리 : 심야괴담회 X 서프라이즈,"610,000","259,950,000","1,121"
음식/요리/레시피,sini시니,"610,000","229,620,000",672
TV/방송,tvN 인사이트,"600,000","207,190,000","1,736"
패션/미용,골근위수영뷰티아카데미,"600,000","428,070,000",356
키즈/어린이,뽀로로 타요 장난감 놀이교실,"600,000","387,680,000",807
자동차,김한용의 MOCAR,"600,000","271,660,000","1,158"
음악/댄스/가수,노래하는코트,"600,000","319,520,000","2,297"
TV/방송,코니tv conitv,"600,000","95,600,000",430
게임,눈쟁이,"600,000","241,340,000","2,166"
미분류,짧은대본 ShortPaper,"600,000","128,420,000",129
게임,TV대정령,"600,000","634,120,000","7,450"
취미,여락이들_,"600,000","140,480,000",332
미분류,과학드림 [Science Dream],"600,000","96,690,000",102
음악/댄스/가수,FTISLAND (FT아일랜드),"600,000","139,550,000",145
게임,로이조 TV,"600,000","436,030,000","2,603"
미분류,로하Roha,"600,000","77,870,000",108
음식/요리/레시피,바다곰조해웅Seabear,"600,000","126,020,000",387
미분류,영기티비,"600,000","95,180,000",223
미분류,[윤이련]50년 요리비결,"600,000","143,990,000",305
미분류,유 퀴즈 온 더 튜브,"600,000","235,500,000","2,519"
스포츠/운동,강하나 스트레칭_stretching,"600,000","53,480,000",293
미분류,할명수,"590,000","43,610,000",62
뉴스/정치/사회,MTN 머니투데이방송,"590,000","506,830,000","56,098"
TV/방송,NICKY니키,"590,000","184,610,000",738
게임,JUNE,"590,000","593,640,000","1,293"
미분류,STAYC,"590,000","125,780,000",99
미분류,하알라,"590,000","138,620,000",190
미분류,엠뚜루마뚜루 : MBC 공식 종합 채널,"590,000","684,900,000","1,170"
게임,서넹,"590,000","217,240,000","2,819"
주식/경제/부동산,단희TV,"590,000","65,550,000",849
TV/방송,티키틱 TIKITIK,"590,000","121,610,000",142
미분류,깨방정,"590,000","175,120,000",364
뉴스/정치/사회,팩트TV NEWS,"590,000","515,170,000","19,624"
취미/라이프,이연LEEYEON,"590,000","40,070,000",170
취미/라이프,딩가의 회전목마 DINGA,"590,000","69,280,000",171
패션/미용,leeanfilm리안,"590,000","49,110,000",184
미분류,A24,"580,000","621,530,000",532
취미/라이프,김나영의 nofilterTV,"580,000","108,980,000",310
TV/방송,drighk fancam 2015,"580,000","430,090,000","5,284"
미분류,양세브라더스,"580,000","24,500,000",16
애완/반려동물,김메주와 고양이들,"580,000","193,180,000",968
해외,Ashley Mariee,"580,000","56,220,000","2,046"
TV/방송,Olive,"580,000","638,420,000","17,128"
TV/방송,MAXIM KOREA,"580,000","306,380,000","2,032"
교육/강의,친절한 대학,"580,000","55,770,000",551
BJ/인물/연예인,최홍철,"580,000","162,000,000",320
음식/요리/레시피,더스쿱The SCOOP,"580,000","85,300,000",406
게임,형독방송,"580,000","515,710,000","1,840"
TV/방송,KBS 같이삽시다,"570,000","275,180,000","2,972"
TV/방송,공돌이 용달,"570,000","166,060,000",197
BJ/인물/연예인,엣지님,"570,000","199,140,000","1,644"
BJ/인물/연예인,상해기SangHyuk,"570,000","128,230,000",310
음악/댄스/가수,God DongMin갓동민,"570,000","93,630,000",996
TV/방송,은하캠핑,"570,000","111,040,000",201
키즈/어린이,Troom Troom Kr,"570,000","381,590,000","1,883"
취미/라이프,ConCorea TV,"570,000","14,160,000",625
미분류,McDonald's,"570,000","120,340,000",204
게임,진호,"570,000","306,590,000","2,434"
TV/방송,STATV,"570,000","189,040,000","7,461"
음식/요리/레시피,SINCOOK - 신쿡,"570,000","103,920,000",482
뉴스/정치/사회,고성국TV,"570,000","277,090,000","7,071"
미분류,코믹마트,"570,000","186,540,000",227
음악/댄스/가수,May J Lee 메이제이 리,"570,000","28,610,000",40
BJ/인물/연예인,덕자전성시대,"560,000","61,160,000",140
음악/댄스/가수,SUGA - Topic,"560,000","10,000",1
TV/방송,KBS Entertain: 깔깔티비,"560,000","792,370,000","4,854"
애완/반려동물,Arirang은 고양이들내가 주인,"560,000","165,740,000",381
TV/방송,쌈바홍 ssambahong,"560,000","41,090,000",197
미분류,[에일리 OFFICIAL] aileemusic,"560,000","83,540,000",112
음악/댄스/가수,INFINITE,"560,000","39,110,000",158
뉴스/정치/사회,쓸모왕,"560,000","413,910,000",655
패션/미용,다영 DAYEONG,"560,000","75,840,000",354
키즈/어린이,캐리TV 주니어,"560,000","624,180,000","1,423"
음식/요리/레시피,[Flower pig]꽃돼지,"560,000","193,360,000","1,190"
키즈/어린이,Clevr TV [클레버티비],"560,000","532,140,000","1,767"
취미/라이프,TAU,"560,000","345,720,000",103
미분류,근황올림픽,"560,000","257,280,000",237
TV/방송,석준이가해,"560,000","125,770,000",214
음식/요리/레시피,정육왕 MeatCreator,"560,000","127,740,000",417
음악/댄스/가수,TVXQ!,"550,000","32,620,000",70
음악/댄스/가수,Reynah,"550,000","145,380,000",245
음악/댄스/가수,온스테이지ONSTAGE,"550,000","231,620,000","2,330"
미분류,김흥미,"550,000","220,060,000",473
음악/댄스/가수,Trouble Maker (Official YouTube Channel),"550,000","185,460,000",9
미분류,규티비 KYUHYUN,"550,000","21,500,000",74
미분류,또모TOWMOO,"550,000","133,070,000",191
미분류,Super K-슈퍼개미김정환,"550,000","50,200,000",447
미분류,드립팩토리 [Dlib Factory],"550,000","181,640,000",174
영화/만화/애니,뭅뭅,"550,000","316,520,000","3,189"
패션/미용,아옳이,"550,000","92,570,000",152
BJ/인물/연예인,sojoong쏘야쭝아,"550,000","137,100,000",222
미분류,에버랜드 - EVERLAND,"550,000","167,780,000","1,979"
미분류,일주어터,"550,000","92,040,000",148
음악/댄스/가수,달마발 Darlim&Hamabal,"550,000","136,730,000",157
음악/댄스/가수,Mellowbeat Seeker,"550,000","8,240,000",131
BJ/인물/연예인,카페노예 jun,"550,000","38,150,000",76
뉴스/정치/사회,국방TV,"550,000","502,980,000","11,171"
취미/라이프,샬이 Shal.E,"540,000","21,530,000",60
교육/강의,수린 suzlnne,"540,000","42,130,000",129
패션/미용,LeoJ Makeup,"540,000","75,560,000",254
TV/방송,J.Y. Park,"540,000","88,110,000",90
교육/강의,Conversational Korean,"540,000","14,950,000",335
게임,꿀탱탱,"540,000","338,410,000","2,514"
패션/미용,DAISY 데이지,"540,000","44,630,000",139
음악/댄스/가수,Flow Music,"540,000","113,380,000",490
영화/만화/애니,소개해주는 남자,"540,000","163,530,000",223
패션/미용,디렉터 짱구대디,"540,000","168,960,000","1,723"
미분류,Melon 멜론,"540,000","67,280,000",223
뉴스/정치/사회,서울의소리 Voice of Seoul,"540,000","243,920,000","7,517"
TV/방송,레이디액션,"540,000","265,350,000",355
미분류,BODA 보다,"540,000","250,540,000",731
게임,자몽티비,"540,000","501,910,000","2,059"
미분류,free지아,"540,000","84,580,000",188
게임,글자네 YouTube,"540,000","483,520,000","3,179"
애완/반려동물,아리둥절 Ari the Corgi,"530,000","150,610,000",234
BJ/인물/연예인,풍자테레비,"530,000","237,370,000","1,636"
게임,프레이 TV,"530,000","269,280,000","1,159"
게임,빅헤드,"530,000","303,080,000","3,467"
음악/댄스/가수,DanalEntertainment,"530,000","289,530,000","9,242"
TV/방송,오마르의 삶,"530,000","85,230,000",416
미분류,유이뿅YUIPYON,"530,000","133,450,000",303
BJ/인물/연예인,Korean Studio,"530,000","47,190,000",171
TV/방송,오예커플스토리,"530,000","88,440,000",156
뉴스/정치/사회,뉴스타운TV,"530,000","125,330,000","4,573"
음식/요리/레시피,스튜디오 쿠캣 - COOKAT,"530,000","208,370,000","1,682"
교육/강의,동심파괴,"530,000","142,110,000",358
취미/라이프,희철리즘Heechulism,"530,000","135,540,000",251
교육/강의,1등 미디어,"530,000","236,320,000",492
TV/방송,스튜디오V [ STUDIO V ],"530,000","156,700,000",320
미분류,시니어전성시대,"530,000","61,410,000",145
TV/방송,joanday,"530,000","68,480,000",629
BJ/인물/연예인,박서아TV,"530,000","99,280,000",306
게임,똘킹,"530,000","388,870,000","1,829"
미분류,AB6IX,"530,000","32,270,000",263
영화/만화/애니,supershinstudio,"530,000","383,900,000","7,779"
뉴스/정치/사회,Arirang News,"530,000","237,210,000","123,886"
뉴스/정치/사회,여수MBC Music+(Kpop&Trot),"530,000","335,200,000","11,942"
TV/방송,Ripple_S,"530,000","301,300,000",714
취미/라이프,미니유 Miniyu ASMR,"530,000","223,410,000",727
뉴스/정치/사회,KBS KONG,"520,000","203,980,000","6,637"
음식/요리/레시피,PRUMIR,"520,000","111,540,000",448
미분류,조여사전성시대,"520,000","98,700,000",428
미분류,Everton Football Club,"520,000","143,740,000","2,485"
음악/댄스/가수,Mina's TV 미나네TV,"520,000","21,030,000",136
BJ/인물/연예인,Mr.아재 [Mr.Ajae],"520,000","134,180,000",303
TV/방송,KBS 1라디오,"520,000","188,600,000","10,326"
취미/라이프,공구왕황부장,"520,000","105,490,000",445
미분류,햄튜브,"520,000","280,770,000","1,108"
키즈/어린이,오콘키즈,"520,000","693,730,000","1,009"
게임,방앗간 비둘기,"520,000","334,960,000","4,296"
IT/기술/컴퓨터,MR엠알,"520,000","76,450,000",347
음악/댄스/가수,Dragon Stone,"520,000","32,320,000",148
음식/요리/레시피,영자씨의 부엌Young-Ja's Kitchen,"520,000","108,390,000",905
TV/방송,KBS동물티비 : 애니멀포유 animal4u,"520,000","326,080,000","1,459"
TV/방송,상현아웃겨줘parksanghyun,"520,000","177,540,000",397
음식/요리/레시피,창배먹방 chang_bae,"520,000","242,000,000","1,281"
게임,OGN,"510,000","608,880,000","27,433"
게임,미소,"510,000","210,770,000","3,084"
미분류,밉지않은 관종언니,"510,000","67,740,000",170
미분류,복지마블TV [Welfare Marble],"510,000","49,960,000",240
음식/요리/레시피,Muggo,"510,000","183,720,000","1,388"
게임,임선비,"510,000","234,290,000","1,134"
