content,date,like,place,tags
.#연동 #모니카옛날통닭간판부터 맛집포스 작렬하는 찐맛집이젠 인생치킨이라고 말하기도 입아픔@칭구야 올때 포장해와@주소 : 제주 제주시 신대로10길 33..#제주맛집 #제주도맛집 #제주공항근처맛집 #제주시맛집 #애월맛집 #중문맛집 #제주공항맛집 #서귀포맛집 #산방산맛집 #신제주맛집 #제주시청맛집 #제주애월맛집 #월정리맛집 #제주여행 #제주핫플,2021-08-19,"1,013",,"['#연동', '#모니카옛날통닭간판부터', '#제주맛집', '#제주도맛집', '#제주공항근처맛집', '#제주시맛집', '#애월맛집', '#중문맛집', '#제주공항맛집', '#서귀포맛집', '#산방산맛집', '#신제주맛집', '#제주시청맛집', '#제주애월맛집', '#월정리맛집', '#제주여행', '#제주핫플']"
.빵수니 빵도리들을 위한 <제주 빵지순례 모음! >맛있고 가볼만한 빵집들을 모아봤어 :)저장 해뒀다가 꼭 한번 들러보기!함께 하고픈 빵 러버들 소환@..#제주맛집 #제주도맛집 #제주공항근처맛집 #제주시맛집 #애월맛집 #중문맛집 #제주공항맛집 #서귀포맛집 #산방산맛집 #신제주맛집 #제주시청맛집 #제주애월맛집 #월정리맛집 #제주여행 #제주핫플,2021-08-19,"1,046",,"['#제주맛집', '#제주도맛집', '#제주공항근처맛집', '#제주시맛집', '#애월맛집', '#중문맛집', '#제주공항맛집', '#서귀포맛집', '#산방산맛집', '#신제주맛집', '#제주시청맛집', '#제주애월맛집', '#월정리맛집', '#제주여행', '#제주핫플']"
"그 유명한 #연돈 에 다녀왔습니다. 그런데ㅎ;;;⠀⠀⠀⠀⠀⠀⠀어마무시한 웨이팅으로 찐맛집임을 입증하던 #제주도연돈 이최근 #테이블링 이라는 어플을 통해 예약이 가능해짐으로써극약의 예약 난이도를 자랑하는 먹켓팅맛집으로 거듭났는데요예약 경쟁이 거즘 전쟁급이지만 기꺼이 참전했고, 승리했습니다⠀⠀⠀⠀⠀⠀⠀주문한 메뉴는 등심까스(9,000원)와 치즈까스(10,000원)⭐️수제카레(3,000원)는 현장에서 별도로 추가 주문을 받는데ㄹㅇ 존맛이니까 고민하지 마시고 무조건 [1인 1카레] 하세오 !⠀⠀⠀⠀⠀⠀⠀(입장한 순서와 관계없이 예약 순서대로 서빙해 주시기 때문에더 늦게 들어온 팀이 음식을 먼저 받는 경우가 종종 있는데이에 대한 이해도가 낮아서인지 관련된 악평이 꽤 많더라구요)⠀⠀⠀⠀⠀⠀⠀이윽고 메뉴가 당도한 순간, 뭔가 잘못됐음을 직감했습니다🗿비계부분을 날리고 살코기만 썼다지만 한 눈에 봐도 넘 퍽퍽쓰분명 풍부한 육즙과 부드러운 식감이라고 적혀있었는데 말이죠그렇다고해서 잡내가 나거나하진 않았지만 특별함은 1도 없는;;;⠀⠀⠀⠀⠀⠀⠀더 심각한건 글루텐 함량이 적은+수제 빵가루인 것 까진 좋은데앞, 뒤로 바삭하다 못해 입천장이 까질 정도로 너무 거칠어서에라 모르겠다하고 먹었다가 다음날까지 고생을 했읍니다 ,,ㅎ네, 지금까지 도무지 이해할 수 없는 연돈 등심까스 후기였구요⠀⠀⠀⠀⠀⠀⠀지금의 골목식당을 있게한 장본인, 치돈은 역시나 존맛탱😇♥️#등심까스 와는 전혀 다른 컨디션의 음식이라 깜짝 놀랐습니당만원 한장으로 영접할 수 있는 최고의 치즈까스가 아닐까싶은,,,⠀⠀⠀⠀⠀⠀⠀수제카레 역시 백종원선생님께서 극찬하신 이유가 납득가는 맛양파 카라멜라이징을 어찌나 정성들여서 했는지 풍/미/작/렬1숟갈에 1감탄을 부르는 맛이라, 지나가는 사람 붙잡고 제발한 입만 먹어보라고 하고싶을 정도입니다ㅠ🥺 핵ㅠ존ㅠ맛ㅠ⠀⠀⠀⠀⠀⠀⠀연돈의 ‘ㅇ’라도 경험하고 싶은 분들을 위해 테이크아웃 전용인#수제볼카츠 라는 메뉴도 출시됐다고 하니 궁금하신 분들은매일 오후 8시에 테이블링 앱을 통해 예약에 도전해보세요🙏🏻⠀⠀⠀⠀⠀⠀⠀+) 다녀오신 분들의 리얼후기가 궁금합니다 제발 공유해 주세요⠀⠀⠀⠀⠀⠀⠀📍제주 서귀포시 일주서로 968-10(색달동  2156-2)☎️ 0507-1386-7060🕰 매일 12:00–21:00(B.T 16:00~18:00)/매주 월요일 휴무⠀⠀⠀⠀⠀⠀⠀#아토짱_제주 #제주도맛집 #제주맛집 #제주도가볼만한곳#서귀포맛집 #색달동맛집 #제주도핫플 #제주서귀포맛집#제주도맛집추천 #제주도돈까스 #제주도핫플 #제주도점심",2021-08-18,"5,150",,"['#연돈', '#제주도연돈', '#테이블링', '#등심까스', '#수제볼카츠', '#아토짱_제주', '#제주도맛집', '#제주맛집', '#제주도가볼만한곳', '#서귀포맛집', '#색달동맛집', '#제주도핫플', '#제주서귀포맛집', '#제주도맛집추천', '#제주도돈까스', '#제주도핫플', '#제주도점심']"
"42년 전통 도민 맛집. 태양을 품은 듯 화끈한 비주얼이다. 포슬포슬한 두부가 푸짐히 들어간 순두부 찌개다. #신해바라기분식 #제주도맛집뜨끈한 국물과 두부 한 숟갈을 떠먹으면 화끈한 매운맛과 뜨거운 열기가 식욕을 자극한다. (신라면보다 조금 매운 정도?)맵기 조절이 가능하기에 취향에 따라 먹을 수 있다. 매운 걸 먹지 못하는 일행이 있다면, 백순두부도 좋다. 더 담백하고 맑은 국물로 두부맛에 집중할 수 있다. 보글보글 끓어나오는 콩비지 느낌의 순두부 찌개와 오징어 젓갈이 기억에 남는 제주도 로컬 맛집이다. 📍 제주 일도1동 1342-4◾순두부찌개 ₩7,000🏷 피웨 부캐 노포 간판 수집가 @nopo__joa🏷 미식가들의 맛집 모음집 @e.a.t.club#순두부찌개 #국밥맛집 #제주맛집 #제주시맛집 #피그웨이브_제주",2021-08-18,"1,331",,"['#신해바라기분식', '#제주도맛집뜨끈한', '#순두부찌개', '#국밥맛집', '#제주맛집', '#제주시맛집', '#피그웨이브_제주']"
.#연동 #모니카옛날통닭간판부터 맛집포스 작렬하는 찐맛집이젠 인생치킨이라고 말하기도 입아픔@칭구야 올때 포장해와@주소 : 제주 제주시 신대로10길 33..#제주맛집 #제주도맛집 #제주공항근처맛집 #제주시맛집 #애월맛집 #중문맛집 #제주공항맛집 #서귀포맛집 #산방산맛집 #신제주맛집 #제주시청맛집 #제주애월맛집 #월정리맛집 #제주여행 #제주핫플,2021-08-19,"1,261",,"['#연동', '#모니카옛날통닭간판부터', '#제주맛집', '#제주도맛집', '#제주공항근처맛집', '#제주시맛집', '#애월맛집', '#중문맛집', '#제주공항맛집', '#서귀포맛집', '#산방산맛집', '#신제주맛집', '#제주시청맛집', '#제주애월맛집', '#월정리맛집', '#제주여행', '#제주핫플']"
".💛 오등동 ""소소밀"" 💛소스, 반죽, 치즈까지 모두 수제인정성가득한 수제 양식집 알려줄게!　젊은 오너쉐프 두 분이 직접 만드는비쥬얼&맛 완벽한 브런치라니,,👀✨깊은 맛의 파스타메뉴 맛은 말뭐..💖야외 데크에서 노을뷰 바라보며 먹으면더 입에서 살살 녹는거 ㄹㅇ이라구,,　주차공간도 넓어서 더더 만족😎@@같이 브런치 뿌시러 가실~?　　✅제주시 한북로 139 1층✅010-2679-3511✅@sosomill_jeju　　#오등동맛집 #파스타맛집 #제주파스타 #벚꽃길 #제대벚꽃길 #노을맛집 #뷰맛집 #제주브런치 #브런치맛집 #제주맛집 #제주도맛집 #제주공항근처맛집 #제주시맛집 #애월카페 #제주공항맛집 #제주도카페 #제주카페",2021-08-19,"1,098",,"['#오등동맛집', '#파스타맛집', '#제주파스타', '#벚꽃길', '#제대벚꽃길', '#노을맛집', '#뷰맛집', '#제주브런치', '#브런치맛집', '#제주맛집', '#제주도맛집', '#제주공항근처맛집', '#제주시맛집', '#애월카페', '#제주공항맛집', '#제주도카페', '#제주카페']"
.빵수니 빵도리들을 위한 <제주 빵지순례 모음! >맛있고 가볼만한 빵집들을 모아봤어 :)저장 해뒀다가 꼭 한번 들러보기!함께 하고픈 빵 러버들 소환@..#제주맛집 #제주도맛집 #제주공항근처맛집 #제주시맛집 #애월맛집 #중문맛집 #제주공항맛집 #서귀포맛집 #산방산맛집 #신제주맛집 #제주시청맛집 #제주애월맛집 #월정리맛집 #제주여행 #제주핫플,2021-08-19,"1,249",,"['#제주맛집', '#제주도맛집', '#제주공항근처맛집', '#제주시맛집', '#애월맛집', '#중문맛집', '#제주공항맛집', '#서귀포맛집', '#산방산맛집', '#신제주맛집', '#제주시청맛집', '#제주애월맛집', '#월정리맛집', '#제주여행', '#제주핫플']"
#도토리키친제주 제주시 북성로 59 1층#청귤소바 + 톳유부초밥 2pcs 1.3만원 주문일단 주문시 톳유부초밥 1ps + 새우감자고로케 1ps옵션이 없어서 무척 아쉬웠고돈카츠와 돈까스를 구분해서 먹는 내겐요긴 청귤소바가 아니고 청귤모밀 또는 청귤메밀국수를 파는곳이라고 인지 되었어요! 톳과 당근까지 더해진 유부초밥은 촉촉하고 내용물의 밀도도 적당해 맛있어서 더 먹고 싶었고 😋청귤이 들어간 모밀국물은 간 적당하며 상큼해서 맛있고메밀면은 두껍고 부드러운편으로 적당한 탄력이 있는게 한국스타일이라 소바라고하기 보단 한국식 소바나 압구정 하나모밀 같은 모밀국수로 면이 평범청귤소바 먹으러 재방문 의사 없고유부초밥과 청귤국물만 먹을수 있다면 재방문의사 있어요!😋방송덕에 대기자들이 많은데 테이블링이 있어서 대기 접수하고 d벽에 가서 산진찍고 오면 좋을듯해요#제주도맛집#탑동맛집#제주도여행#방송맛집#배틀트립 #포도냐제주도#푸드파이터#면사랑#맛집#일상#포도냐소바#포도냐모밀국수#도토리키친_포도냐,2021-08-18,515,,"['#도토리키친제주', '#청귤소바', '#제주도맛집', '#탑동맛집', '#제주도여행', '#방송맛집', '#배틀트립', '#포도냐제주도', '#푸드파이터', '#면사랑', '#맛집', '#일상', '#포도냐소바', '#포도냐모밀국수', '#도토리키친_포도냐']"
이가격실화??갈치조림정식이 1만원.직접만든 도토리묵반찬에~~부실한 반찬이아닌 김치부터 모든 밑반찬을 직접만드심👍#제주가성비맛집#보말칼국수 또한 찐😍이건 꼭 먹어야해😋도민들사이에서만 쉬쉬거리며 유명한 #제주도민맛집.🔹️상호:#보리밥과수제비.🔹️아침식사가능단체예약문의 📞064-721-1239.🔹️오전8~오후8시까지 영업     (재료소진시 조기마감).🔹️제주시 가령로 61-1..#제주맛집 #제주도맛집 #제주공항근처맛집 #제주공항맛집 #제주갈치조림맛집 #제주도갈치조림 #제주동문시장맛집 #제주보말칼국수 #보말칼국수맛집 #갈치조림맛집 #제주공항아침식사 #동문시장맛집 #제주시맛집추천 #제주도공항맛집 #제주도갈치맛집 #제주도갈치조림맛집 #제주도보말칼국수 #제주보말칼국수맛집 #제주맛집추천 #탑동맛집 #용두암맛집 #제주시아침식사 #제주아침식사맛집 #동문시장근처맛집,2021-08-19,154,,"['#제주가성비맛집', '#보말칼국수', '#제주도민맛집.🔹️상호:', '#보리밥과수제비.🔹️아침식사가능단체예약문의', '#제주맛집', '#제주도맛집', '#제주공항근처맛집', '#제주공항맛집', '#제주갈치조림맛집', '#제주도갈치조림', '#제주동문시장맛집', '#제주보말칼국수', '#보말칼국수맛집', '#갈치조림맛집', '#제주공항아침식사', '#동문시장맛집', '#제주시맛집추천', '#제주도공항맛집', '#제주도갈치맛집', '#제주도갈치조림맛집', '#제주도보말칼국수', '#제주보말칼국수맛집', '#제주맛집추천', '#탑동맛집', '#용두암맛집', '#제주시아침식사', '#제주아침식사맛집', '#동문시장근처맛집']"
지인들이 추천해줬던 곳이라 반신반의하며 가본곳인데 역시…! 입소문 나는데에는 다 이유가 있군요!#대촌회미락#제주도맛집 #제주맛집 #제주함덕맛집 #제주횟집 #제주도횟집 #함덕횟집대촌회미락#월정리맛집 #제주성산맛집 #성산맛집 #월정맛집 #중문맛집 #제주중문맛집 #제주맛집추천 #제주시맛집,2021-08-19,저 좋아요를 눌러보세,,"['#대촌회미락', '#제주도맛집', '#제주맛집', '#제주함덕맛집', '#제주횟집', '#제주도횟집', '#함덕횟집대촌회미락', '#월정리맛집', '#제주성산맛집', '#성산맛집', '#월정맛집', '#중문맛집', '#제주중문맛집', '#제주맛집추천', '#제주시맛집']"
모당준다는 제주사투리에서 만들어진 모당모당맛도 있고 이름도 귀엽고~제주분식 전화 - 064-726-2120주소 - 제주시 귀아랑길 23 #제주분식#제주현지인맛집#제주맛집#제주도맛집#제주공항맛집#연동맛집#연동제주분식#제주도공항근처맛집#제주도여행#제주가볼만한곳#노형동맛집,2021-08-19,저 좋아요를 눌러보세,,"['#제주분식', '#제주현지인맛집', '#제주맛집', '#제주도맛집', '#제주공항맛집', '#연동맛집', '#연동제주분식', '#제주도공항근처맛집', '#제주도여행', '#제주가볼만한곳', '#노형동맛집']"
"고소한향기가 입구부터 코를 찌르는제주바다해찬 만의 전복내장,전복이 가득 들어있는전복죽! 몸이 보양되는 느낌! 꼭 드셔보세요----#제주뿔소라#제주딱새우#애월맛집#제주도맛집#제주해물뚝배기#제주맛집바다해찬#협재맛집#금능맛집#한림맛집#서귀포맛집",2021-08-19,1,,"['#제주뿔소라', '#제주딱새우', '#애월맛집', '#제주도맛집', '#제주해물뚝배기', '#제주맛집바다해찬', '#협재맛집', '#금능맛집', '#한림맛집', '#서귀포맛집']"
#더전복 #더전복식당 #제주도두항맛집 #전복수제돌솥밥 #제주도식당 #제주도맛집 #제주돌솥밥 #제주도전복 #대게튀김 #제주숨은맛집맛있었다!! 든든한 한끼!!,2021-08-19,저 좋아요를 눌러보세,,"['#더전복', '#더전복식당', '#제주도두항맛집', '#전복수제돌솥밥', '#제주도식당', '#제주도맛집', '#제주돌솥밥', '#제주도전복', '#대게튀김', '#제주숨은맛집맛있었다!!']"
-,2021-08-19,15,,[]
제주 인생밥집⠀⠀⠀⠀⠀⠀⠀⠀⠀⠀⠀⠀⠀⠀⠀⠀⠀🕚 OPEN - 11:00⠀⠀⠀⠀⠀⠀⠀⠀⠀⠀⠀⠀🕕 CLOSED - 17:00⠀⠀⠀⠀⠀⠀⠀⠀⠀⠀⠀⠀⠀⠀⠀⠀⠀브레이크타임 없어요.⠀⠀⠀⠀⠀⠀⠀⠀⠀⠀⠀⠀⠀⠀⠀⠀⠀예약은 받지 않고 오시는 순서대로 식사가능 하세요.⠀⠀⠀⠀⠀⠀⠀⠀⠀⠀⠀⠀⠀⠀⠀⠀⠀싱싱한 해물과 신선한 야채로 그날 준비한 재료가 소진되면 조기마감 합니다. ⠀⠀⠀⠀⠀⠀⠀⠀⠀⠀⠀⠀⠀⠀⠀⠀⠀⠀⠀⠀⠀⠀⠀⠀⠀⠀⠀⠀⠀⠀⠀⠀⠀⠀🥣전복해물볶음밥 / 전복물회 / 전복딱새우장 정식⠀⠀⠀⠀⠀⠀⠀⠀⠀⠀⠀⠀⠀⠀⠀⠀⠀사는게니나노 ~ ♬인생밥집 010-6501-5073주소는 제주시 한림읍 문교길6 ..⠀⠀⠀⠀⠀⠀⠀⠀⠀⠀⠀⠀⠀⠀⠀⠀⠀🅿️ 무료 공영 주차장 위치!! .⠀⠀⠀⠀⠀⠀⠀⠀⠀⠀⠀⠀⠀⠀⠀⠀⠀🚗 제주시 한림읍 한림리 1197-4🚘 제주시 한림읍 한림리 1198-3🚙 제주시 한림읍 한림리 943-9.걸어서 2분이내 거리에요~♡♡#애월맛집 #애월읍맛집 #애월맛집추천#애월물회맛집 #제주물회맛집#제주도딱새우장맛집 #제주애월맛집#애월가볼만한곳 #제주도맛집#제주맛집 #협재맛집 #한림맛집#애월핫플 #제주게스트하우스 #한담맛집#애월물회 #제주물회 #제주도전복장,2021-08-19,저 좋아요를 눌러보세,,"['#애월맛집', '#애월읍맛집', '#애월맛집추천', '#애월물회맛집', '#제주물회맛집', '#제주도딱새우장맛집', '#제주애월맛집', '#애월가볼만한곳', '#제주도맛집', '#제주맛집', '#협재맛집', '#한림맛집', '#애월핫플', '#제주게스트하우스', '#한담맛집', '#애월물회', '#제주물회', '#제주도전복장']"
.빨주노초파보 🌈쫀득쫀득 꼬끄에 맛있는 필링🤤✨월정 바다와 함께일 때 더 빛이 나는 무지개 수카롱 ❤️🧡💛💚💙💜제주시 구좌읍 해맞이해안로 406 카페콧수염070-4131-8880매일 모든 메뉴 sold-out 되므로 선착순 판매합니다.방문해주신 모든 분들께 감사드립니다#월정리해변 #월정리콧수염 #제주시카페 #세화카페 #월정리 #제주카페추천 #구좌읍카페 #제주카페 #제주피크닉 #월정리카페 #제주동쪽카페 #월정리맛집 #제주카페투어 #제주도맛집 #제주월정리 #제주도카페 #월정리카페콧수염 #제주도마카롱 #제주애견동반 #월정리해수욕장 #구좌읍맛집 #제주월정리카페 #함덕카페 #제주마카롱맛집 #제주맛집 #제주도기념품 #서귀포맛집 #제주 #제주도 #제주애견동반카페,2021-08-19,저 좋아요를 눌러보세,,"['#월정리해변', '#월정리콧수염', '#제주시카페', '#세화카페', '#월정리', '#제주카페추천', '#구좌읍카페', '#제주카페', '#제주피크닉', '#월정리카페', '#제주동쪽카페', '#월정리맛집', '#제주카페투어', '#제주도맛집', '#제주월정리', '#제주도카페', '#월정리카페콧수염', '#제주도마카롱', '#제주애견동반', '#월정리해수욕장', '#구좌읍맛집', '#제주월정리카페', '#함덕카페', '#제주마카롱맛집', '#제주맛집', '#제주도기념품', '#서귀포맛집', '#제주', '#제주도', '#제주애견동반카페']"
.모이세 다 필요 없어!이 집이 진짜 찐이다👍🏻제주도 가면 여긴 꼭 간다 ㅋㅋ그런 기념으로~이모~~~~여기 막걸리요~~🤣🤣🤣..#instasize#ootd#f4f#l4l#헬스타그램#헬스#셀카#selca#instagood#몸짱#얼짱#데일리#instalike#팔로우#daily#얼스타그램#tbt#강남#제주도#서초#제주은희네해장국#jmt#먹방#먹스타그램#골프#레슨#라운딩#해장국맛집#제주도맛집#막걸리,2021-08-19,6,,"['#instasize', '#ootd', '#f4f', '#l4l', '#헬스타그램', '#헬스', '#셀카', '#selca', '#instagood', '#몸짱', '#얼짱', '#데일리', '#instalike', '#팔로우', '#daily', '#얼스타그램', '#tbt', '#강남', '#제주도', '#서초', '#제주은희네해장국', '#jmt', '#먹방', '#먹스타그램', '#골프', '#레슨', '#라운딩', '#해장국맛집', '#제주도맛집', '#막걸리']"
"#오드싱 #제주카페며칠전 애조로로 가다가 저건 뭐지라고 얘기했었는데인스타에 사진이 하나둘 올라오는거 보니 신상카페!!오늘 바로 가봤지요!아직 알려지지 않아서인지 무지 한산했고수영도 가능한 카페인데 수영하시는분은 아직 없더라구요낮시간에만 커피, 논알콜 판매하는것 같고저녁에는 알콜 위주로 판매하는것 같아요다음에 다시가서 알콜한잔하면서 디제잉도 보면 참 좋을것 같은초초초초대형 카페입니다😉📍제주시 고다시길25 (오등동 1074): 네비게이션에 “오드싱” 검색하면 오름으로 안내해줘서  꼭 주소 찍고 가세요#제주 #제주도 #제주새댁 #제주살이 #제주도여행 #제주여행 #제주일상 #제주라이프 #맛스타그램 #먹스타그램 #제주도맛집 #제주맛집 #도민추천 #맛집 #제주도맛집추천 #제주맛집 #맛집추천 #카페 #제주카페 #제주카페추천 #제주시카페 #신상카페 #제주신상카페 #카페투어 #제주카페투어",2021-08-19,5,,"['#오드싱', '#제주카페며칠전', '#제주', '#제주도', '#제주새댁', '#제주살이', '#제주도여행', '#제주여행', '#제주일상', '#제주라이프', '#맛스타그램', '#먹스타그램', '#제주도맛집', '#제주맛집', '#도민추천', '#맛집', '#제주도맛집추천', '#제주맛집', '#맛집추천', '#카페', '#제주카페', '#제주카페추천', '#제주시카페', '#신상카페', '#제주신상카페', '#카페투어', '#제주카페투어']"
"☀제주의 멋과 맛을 모두 즐기시고 싶다면➩✨제주여행의 후회없는 선택➀제주공항 근처 바닷가 바로 앞 풍경맛집➁해녀가 직접 채집하는제주보말, 제주돼지, 제주비트를 재료로 하는 건강맛집 [한라진칼국수]입니다.✅OPEN 9:00✅CLOSE 16:00✅매주 월요일 정기휴무✈제주시 테우해안로32☏TEL 064.711.8525#한라진칼국수 #제주맛집 #제주맛집추천 #제주도맛집 #제주도맛집추천 #제주공항맛집 #제주공항근처맛집 #보말칼국수 #보말칼국수맛집 #제주보말칼국수 #제주보말칼국수맛집 #돔베고기 #제주가족여행 #제주데이트 #제주점심 #제주도민맛집 #이호테우해변맛집 #애월맛집 #애월해안도로맛집 #제주오션뷰맛집 #함덕맛집 #성산일출봉맛집 #협재맛집 #곽지맛집 #한담맛집 #한림맛집 #제주도여행 #제주여행 #제주핫플 #제주아침식사",2021-08-19,1,,"['#한라진칼국수', '#제주맛집', '#제주맛집추천', '#제주도맛집', '#제주도맛집추천', '#제주공항맛집', '#제주공항근처맛집', '#보말칼국수', '#보말칼국수맛집', '#제주보말칼국수', '#제주보말칼국수맛집', '#돔베고기', '#제주가족여행', '#제주데이트', '#제주점심', '#제주도민맛집', '#이호테우해변맛집', '#애월맛집', '#애월해안도로맛집', '#제주오션뷰맛집', '#함덕맛집', '#성산일출봉맛집', '#협재맛집', '#곽지맛집', '#한담맛집', '#한림맛집', '#제주도여행', '#제주여행', '#제주핫플', '#제주아침식사']"
"#제주영롱가 #제주영롱가_본점 #제주갈비맛집 안녕하세요 인친님들 🧚🏻‍♀️🍀!!오늘 소개할 맛집은 제주대학교병원 근처에 위치한 흑돼지, 한우 숯불구이 전문점 영롱가 입니다 !고기가 영롱해서 영롱가 일까요 ••• 총총가격은 살짝 있지만 .. 소갈비 돼지갈비 진짜 맛있어요 🤤🤤💯 100점 만점에 101점 드리겠습니당밑반찬으로 나오는 묵사발이랑 된장찌개도 아주 기깔납니다 😍냉면도 짱 존맛탱 ,,,가게도 시원하고 넓어서 도란도란 얘기하면서 드시기 조아용~!🍀위치: 인다 15 길 16 입니다 !🍀주차장 있어요 !#먹팔 #먹팔환영 #먹팔맞팔 #제주먹스타그램 #제주시맛집 #구제주맛집 #제주도 #제주 #제주맛집 #제주도맛집 #jeju #제주갈비 #제주소갈비 #제대병원근처 #제주고기맛집 #영롱가 #아라동맛집 #제주아라동맛집",2021-08-19,26,,"['#제주영롱가', '#제주영롱가_본점', '#제주갈비맛집', '#먹팔', '#먹팔환영', '#먹팔맞팔', '#제주먹스타그램', '#제주시맛집', '#구제주맛집', '#제주도', '#제주', '#제주맛집', '#제주도맛집', '#jeju', '#제주갈비', '#제주소갈비', '#제대병원근처', '#제주고기맛집', '#영롱가', '#아라동맛집', '#제주아라동맛집']"
이번 제주도에서는 돼지뿌시기✊🏻흑돼지오마카세는 진짜 핵맛있었음!사진보니까 또먹고싶네ㅠㅠ..조만간 또갈께 기다류..🥺,2021-08-19,3,,[]
"서귀포 돼지고기 맛집 고기 두께부터 달라요😋(사람 많음 주의, 웨이팅 주의)#돈이랑 #서귀포맛집 #서귀포맛집추천 #서귀포흑돼지맛집 #서귀포흑돼지 #서귀포여행 #제주도여행 #제주도 #제주도맛집 #제주",2021-08-19,2,,"['#돈이랑', '#서귀포맛집', '#서귀포맛집추천', '#서귀포흑돼지맛집', '#서귀포흑돼지', '#서귀포여행', '#제주도여행', '#제주도', '#제주도맛집', '#제주']"
언제와도 친절하신 사장님~~~ 오늘도 맛있게 저녁해결 ~!~ #제주도맛집꺼멍연탄구이#제주도맛집 #신화월드맛집 #오설록맛집 #카멜리아힐맛집 #한경면맛집 #제주도흑돼지맛집 #송악산맛집 #산방산맛집 #오설록티뮤지엄 #제주신화월드메리어트 #제주신화월드 #제주도현지인맛집 #제주현지인맛집 #제주도가볼만한곳 #제주도여행 #저지리맛집,2021-08-19,저 좋아요를 눌러보세,,"['#제주도맛집꺼멍연탄구이', '#제주도맛집', '#신화월드맛집', '#오설록맛집', '#카멜리아힐맛집', '#한경면맛집', '#제주도흑돼지맛집', '#송악산맛집', '#산방산맛집', '#오설록티뮤지엄', '#제주신화월드메리어트', '#제주신화월드', '#제주도현지인맛집', '#제주현지인맛집', '#제주도가볼만한곳', '#제주도여행', '#저지리맛집']"
단짠단짝의 최고 #교촌치킨 #허니콤보 🍺,2021-08-19,8,,"['#교촌치킨', '#허니콤보']"
광고)제주공항에서 진~짜가깝고 개별룸이 많아서 더 좋고맛있는 도민맛집으로유명한 '연동대게회타운'낮2시부터 ~ 라스트오더는 밤 12시까지개인룸에서 맘편하게 먹자!!🙊이야.. 살이 꽉 차있네소리가 절로나오는탱글 쫄깃한💦속살에⠀녹~찐한 내장까지증말 스릉흔다❤❤⠀밑반찬 구성도푸짐하니 다양하게즐길 수 있어 좋고!⠀살이꽉찬 대게&킹크랩 맛집👏⠀개별룸 형식으로걱정🙅 ♀없이 먹는'연동대게회타운'🧭연동대게회타운*제주 제주시 신대로 125*064-903-1889#제주맛집 #제주도맛집#제주공항근처맛집#제주골프 #제주도골프#제주여행 #제주도여행#제주 #제주도 #제주시맛집 #제주시 #제주도민맛집 #제주공항 #제주도공항,2021-08-19,0,,"['#제주맛집', '#제주도맛집', '#제주공항근처맛집', '#제주골프', '#제주도골프', '#제주여행', '#제주도여행', '#제주', '#제주도', '#제주시맛집', '#제주시', '#제주도민맛집', '#제주공항', '#제주도공항']"
".➡️ 가격문의 카톡 ID : hys5940.➡️블로그 친추 링크 : Blog.naver.com/kgd2610.➡️ 밴드/카카오스토리 ID : 59405940.➡️ 밴드, 카카오스토리 소식받기, 친구신청하시면 더 많은 제품과 상세사진을 보실수있습니다^^신상업뎃 , 이벤트소식을 더 빠르게 받아보실수있어요!",2021-08-19,1,,[]
"(광고)지만 도민들도 즐겨찾고 너무나 유명한 고등어회맛집 ""원담""살아있는 고등어는 비릴수가없다!🐟신선도 끝판왕 원담 고등어회!👍탱글탱글한 식감과 일반횟감에선느낄수없는 고소함까지 완벽!😍김 위에 밥과,야채를 올리고 전용소스에 고등어를 푹찍어서~❣함께 싸먹으면 감칠맛 폭발하는별미중에 별미💕💕🧭원담📕제주 제주시 동광로1길 13📞064-900-0211#제주맛집 #제주도맛집#제주시청맛집#동문시장맛집 #제주회포장#제주시횟집#제주탑동맛집 #제주용두암맛집#제주칼호텔맛집 #무지개해안도로#제주도고등어회#제주도고등어회맛집#제주고등어회#제주고등어회맛집",2021-08-19,0,,"['#제주맛집', '#제주도맛집', '#제주시청맛집', '#동문시장맛집', '#제주회포장', '#제주시횟집', '#제주탑동맛집', '#제주용두암맛집', '#제주칼호텔맛집', '#무지개해안도로', '#제주도고등어회', '#제주도고등어회맛집', '#제주고등어회', '#제주고등어회맛집']"
"#오드싱 #제주카페며칠전 애조로로 가다가 저건 뭐지라고 얘기했었는데인스타에 사진이 하나둘 올라오는거 보니 신상카페!!오늘 바로 가봤지요!아직 알려지지 않아서인지 무지 한산했고수영도 가능한 카페인데 수영하시는분은 아직 없더라구요낮시간에만 커피, 논알콜 판매하는것 같고저녁에는 알콜 위주로 판매하는것 같아요다음에 다시가서 알콜한잔하면서 디제잉도 보면 참 좋을것 같은초초초초대형 카페입니다😉📍제주시 고다시길25 (오등동 1074): 네비게이션에 “오드싱” 검색하면 오름으로 안내해줘서  꼭 주소 찍고 가세요",2021-08-19,7,,"['#오드싱', '#제주카페며칠전']"
(광고)멜조림의 원조맛집 ! 제주공항에서 5분 제주육대표~ 🥰일반 고깃집 멜젓이 아닌 멜(멸치)이 통채로 들어가 있는 제주 육대표에서 먹을 수 있는 jmt 이색먹방504시간 숙성한 흑돼지에 멜조림+흑돼지 조합 끝내줌!👍👇🧭제주육대표제주 제주시 일주서로 7895064-747-0092#제주공항근처맛집 #제주도맛집#제주흑돼지맛집#제주도흑돼지맛집#제주도맛집베스트 #드림타워맛집#제주도맛집투어 #제주도맛집여행#이호테우맛집 #이호테우근처맛집#이호테우해변#이호테우해변맛집,2021-08-19,0,,"['#제주공항근처맛집', '#제주도맛집', '#제주흑돼지맛집', '#제주도흑돼지맛집', '#제주도맛집베스트', '#드림타워맛집', '#제주도맛집투어', '#제주도맛집여행', '#이호테우맛집', '#이호테우근처맛집', '#이호테우해변', '#이호테우해변맛집']"
(광고)멜조림의 원조맛집 ! 제주공항에서 5분 제주육대표~ 🥰일반 고깃집 멜젓이 아닌 멜(멸치)이 통채로 들어가 있는 제주 육대표에서 먹을 수 있는 jmt 이색먹방504시간 숙성한 흑돼지에 멜조림+흑돼지 조합 끝내줌!👍👇🧭제주육대표제주 제주시 일주서로 7895064-747-0092#제주공항근처맛집 #제주도맛집#제주흑돼지맛집#제주도흑돼지맛집#제주도맛집베스트 #드림타워맛집#제주도맛집투어 #제주도맛집여행#이호테우맛집 #이호테우근처맛집#이호테우해변#이호테우해변맛집,2021-08-19,0,,"['#제주공항근처맛집', '#제주도맛집', '#제주흑돼지맛집', '#제주도흑돼지맛집', '#제주도맛집베스트', '#드림타워맛집', '#제주도맛집투어', '#제주도맛집여행', '#이호테우맛집', '#이호테우근처맛집', '#이호테우해변', '#이호테우해변맛집']"
찐친들과 제주도  #제주도#제주도여행 #제주도맛집 #제주도카페#제주도풍경#제주도스냅 #제주도안녕✈️ #안녕제주 #제주도는처음이에요#날씨가오락가락☁️⚡️☀️☔️ #웃기는날,2021-08-19,8,,"['#제주도', '#제주도여행', '#제주도맛집', '#제주도카페', '#제주도풍경', '#제주도스냅', '#제주도안녕✈️', '#안녕제주', '#제주도는처음이에요', '#날씨가오락가락☁️⚡️☀️☔️', '#웃기는날']"
숙성도 웨이팅 중,2021-08-19,27,,[]
"인생,,덮밥,,이 맛은 쥐짜,,ㅎ ㅏ웨이팅 할 맛이가 난다!!!!!#제주고로#제주도#고로덮밥#제주서쪽맛집#제주도여행#여행스타그램#제주도맛집#고로#존맛#먹스타그램#소통#맞팔",2021-08-19,6,,"['#제주고로', '#제주도', '#고로덮밥', '#제주서쪽맛집', '#제주도여행', '#여행스타그램', '#제주도맛집', '#고로', '#존맛', '#먹스타그램', '#소통', '#맞팔']"
𝒘𝒊𝒕𝒉 𝒗𝒂𝒍𝒍𝒂𝒕𝒕𝒐✨기회만된다면. 제주도 한달 살기 하고파요 💜자주 오고싶은 제주도 ~~~~~~~~ 날 자주 불러줘요 💜제품문의/ 010 5561 4833#발라또송연우#발라또백채연#발라또백창렬#발라또조효식#송연우화장품#발라또제주#9시35분💜,2021-08-19,12,,"['#발라또송연우', '#발라또백채연', '#발라또백창렬', '#발라또조효식', '#송연우화장품', '#발라또제주', '#9시35분💜']"
🏝어디 바다게-?맞히면 나랑 제주 🙈...#제주도 #제주여행 #제주스타그램,2021-08-19,43,,"['#제주도', '#제주여행', '#제주스타그램']"
정말 맛있어ㅠㅠ 또 머구미!!! 가야지!,2021-08-19,8,,[]
#벵디제주도 여행가서 우연히 길가다가 들어가게 된 벵디#돌문어덮밥 17000원#흑돼지간장덮밥 13000원솔직히 둘 다 크게 메리트있는 맛은 아니고 모두가 아는 맛이었다 특히 흑돼지간장덮밥은 그냥 불고기덮밥느낌???둘다 조금 간이 쎄서 무료로 제공되고 있는 밥으로 입맛에 맞게 간을 조절할 수 있어서 좋았다❕❗#제주도맛집 #구좌읍맛집 #제주도벵디 #제주맛집 #덮밥맛집 #덮밥 #먹스타그램 #먹스타맞팔 #먹팔 #먹스타 #맛집 #맛스타그램 #맛집추천 #맞팔 #좋반 #좋아요반사 #첫줄반사 #디엠환영 #협찬 #문의 #초보먹스타그램 #대학생맛집 #유명맛집 #유명맛집투어 #맛집깨기,2021-08-17,143,,"['#벵디제주도', '#돌문어덮밥', '#흑돼지간장덮밥', '#제주도맛집', '#구좌읍맛집', '#제주도벵디', '#제주맛집', '#덮밥맛집', '#덮밥', '#먹스타그램', '#먹스타맞팔', '#먹팔', '#먹스타', '#맛집', '#맛스타그램', '#맛집추천', '#맞팔', '#좋반', '#좋아요반사', '#첫줄반사', '#디엠환영', '#협찬', '#문의', '#초보먹스타그램', '#대학생맛집', '#유명맛집', '#유명맛집투어', '#맛집깨기']"
💐 ; ),2021-01-03,219,,[]
이제 장마끝났다고하니깐 놀러다닐일만남았넹🤘🏻제주도 놀러가야징🧡,2020-08-15,122,,[]
제주 클럽 픽미펍 가볼만하네요#픽미펍클럽...#제주도클럽#제주클럽#월정리클럽#제주도술집#제주술집#월정리술집#제주도술집#제주도펍#제주펍#월정리펍#월정리맛집#제주월정리맛집#제주도맛집#제주맛집#성산일출봉맛집#서귀포맛집#제주가볼만한곳#제주도술집픽미펍클럽,2021-08-19,저 좋아요를 눌러보세,,"['#픽미펍클럽...', '#제주도클럽', '#제주클럽', '#월정리클럽', '#제주도술집', '#제주술집', '#월정리술집', '#제주도술집', '#제주도펍', '#제주펍', '#월정리펍', '#월정리맛집', '#제주월정리맛집', '#제주도맛집', '#제주맛집', '#성산일출봉맛집', '#서귀포맛집', '#제주가볼만한곳', '#제주도술집픽미펍클럽']"
#제주도 #travelphotography #여행 #nofilter #커플 #행복 #influencer #love #happiness #swag #사진 #picture #wonderful #view #여행사진 #daily #everyday #데이트 #제주도맛집 #jeju #cafe #sweet #추억 #사랑 #travel #igers #family #힐링,2021-08-19,3,,"['#제주도', '#travelphotography', '#여행', '#nofilter', '#커플', '#행복', '#influencer', '#love', '#happiness', '#swag', '#사진', '#picture', '#wonderful', '#view', '#여행사진', '#daily', '#everyday', '#데이트', '#제주도맛집', '#jeju', '#cafe', '#sweet', '#추억', '#사랑', '#travel', '#igers', '#family', '#힐링']"
개강시러욥,2021-08-19,57,,[]
_한 장이 간지지만 난 그런 거 몰라! 🧏🏻‍♀️#두여자의시선 🙄,2021-08-19,19,,['#두여자의시선']
🍴 우진해장국.🌕🌕🌕🌕🌕.비쥬얼로는 생각치도 못한 맛. 진득하고 고소하고 살짝 얼큰하고👍🏻 제주도가면 꼭! 먹어야 함!,2021-08-19,저 좋아요를 눌러보세,,[]
"- 제주도의 핫한 함덕해변독채형 가족펜션인 게으르게펜션 입니다..바쁜 일상에서 잠시 게으름으로 힐링해 보세요. ^^.함덕에는 맛집도 많고 가까운곳에 서우봉, 에코랜드등 많은 명소가 있습니다....#제주도펜션 #제주펜션 #함덕펜션 #함덕해수욕장펜션 #게으르게펜션 #함덕해변펜션 #조천펜션 #서우봉 #에코랜드 #함덕숙박 #조천숙박 #제주도숙박 #함덕독채펜션 #제주도독채펜션 #제주공항펜션 #함덕해변 #함덕해수욕장 #함덕맛집 #선팔하면맞팔가요 #맞팔해요 #제주도맛집",2021-08-19,1,,"['#제주도펜션', '#제주펜션', '#함덕펜션', '#함덕해수욕장펜션', '#게으르게펜션', '#함덕해변펜션', '#조천펜션', '#서우봉', '#에코랜드', '#함덕숙박', '#조천숙박', '#제주도숙박', '#함덕독채펜션', '#제주도독채펜션', '#제주공항펜션', '#함덕해변', '#함덕해수욕장', '#함덕맛집', '#선팔하면맞팔가요', '#맞팔해요', '#제주도맛집']"
"#제주분식 #제주맛집제주도왔으니 모당모당이랑 돔베고기, 전복김밥은 먹어줘야지!?...제주분식주소:제주시 귀아랑길 23전화번호:064-726-2120..#제주동문시장#제주공항맛집#제주시청맛집#제주공항근처맛집#연동카페#제주도맛집#연동제주분식#제주도그램#노형동카페#제주도여행",2021-08-19,1,,"['#제주분식', '#제주맛집제주도왔으니', '#제주동문시장', '#제주공항맛집', '#제주시청맛집', '#제주공항근처맛집', '#연동카페', '#제주도맛집', '#연동제주분식', '#제주도그램', '#노형동카페', '#제주도여행']"
.탁 트인 월정 바다 뷰를 볼 수 있는 야외 테라스와 옥상 빈백 정원 🐬곳곳에 있는 월정 바다를 배경으로 인생샷 포인트뿐만 아니라!달달한 수제 마카롱과 시그니처 음료까지!월정리 카페 콧수염에서 제주도 분위기를 만끽해보세요 ☀️🌊🌈제주시 구좌읍 해맞이해안로 406 카페콧수염070-4131-8880방문해주신 모든 분들께 감사드립니다예쁜 사진 남겨주셔서 감사합니다 🌷#제주시카페 #월정리카페 #서귀포맛집 #제주애견동반 #성산일출봉맛집 #공항근처맛집 #월정 #제주카페추천 #함덕해수욕장 #제주해안도로 #애월맛집 #월정리콧수염 #성산카페 #구좌읍 #제주피크닉 #제주도 #월정리카페콧수염 #제주도카페 #성산맛집 #제주마카롱맛집 #제주맛집 #월정리 #제주도마카롱 #제주카페 #함덕맛집 #제주 #제주도맛집 #월정리맛집 #제주월정리카페 #제주월정리,2021-08-19,1,,"['#제주시카페', '#월정리카페', '#서귀포맛집', '#제주애견동반', '#성산일출봉맛집', '#공항근처맛집', '#월정', '#제주카페추천', '#함덕해수욕장', '#제주해안도로', '#애월맛집', '#월정리콧수염', '#성산카페', '#구좌읍', '#제주피크닉', '#제주도', '#월정리카페콧수염', '#제주도카페', '#성산맛집', '#제주마카롱맛집', '#제주맛집', '#월정리', '#제주도마카롱', '#제주카페', '#함덕맛집', '#제주', '#제주도맛집', '#월정리맛집', '#제주월정리카페', '#제주월정리']"
제주 김만복.#김만복김밥#제주도맛집#김만복제주#전복김밥#산들이네#산들먹방#바다뷰#강산들,2021-08-19,3,,"['#김만복김밥', '#제주도맛집', '#김만복제주', '#전복김밥', '#산들이네', '#산들먹방', '#바다뷰', '#강산들']"
위급시 사람 패도 되는 뼈다귀국은 처음이지? 살도 많이 붙고 야들야들해서 틀니빼고 잇몸으로 식사 가능함 고사리육개장도 정말 맛있었음 예상을 뒤엎는 맛 그리고 저 산적은 꼭 먹어야하고 꼭 미간에 보톡스 준비해서 가자,2021-08-19,11,,[]
"☀제주의 멋과 맛을 모두 즐기시고 싶다면➩✨제주여행의 후회없는 선택➀제주공항 근처 바닷가 바로 앞 풍경맛집➁해녀가 직접 채집하는제주보말, 제주돼지, 제주비트를 재료로 하는 건강맛집 [한라진칼국수]입니다.✅OPEN 9:00✅CLOSE 16:00✅매주 월요일 정기휴무✈제주시 테우해안로32☏TEL 064.711.8525#한라진칼국수 #제주맛집 #제주맛집추천 #제주도맛집 #제주도맛집추천 #제주공항맛집 #제주공항근처맛집 #보말칼국수 #보말칼국수맛집 #제주보말칼국수 #제주보말칼국수맛집 #돔베고기 #제주가족여행 #제주데이트 #제주점심 #제주도민맛집 #이호테우해변맛집 #애월맛집 #애월해안도로맛집 #제주오션뷰맛집 #함덕맛집 #성산일출봉맛집 #협재맛집 #곽지맛집 #한담맛집 #한림맛집 #제주도여행 #제주여행 #제주핫플 #제주아침식사",2021-08-19,1,,"['#한라진칼국수', '#제주맛집', '#제주맛집추천', '#제주도맛집', '#제주도맛집추천', '#제주공항맛집', '#제주공항근처맛집', '#보말칼국수', '#보말칼국수맛집', '#제주보말칼국수', '#제주보말칼국수맛집', '#돔베고기', '#제주가족여행', '#제주데이트', '#제주점심', '#제주도민맛집', '#이호테우해변맛집', '#애월맛집', '#애월해안도로맛집', '#제주오션뷰맛집', '#함덕맛집', '#성산일출봉맛집', '#협재맛집', '#곽지맛집', '#한담맛집', '#한림맛집', '#제주도여행', '#제주여행', '#제주핫플', '#제주아침식사']"
#홍보제주 신상 맛집인 #멸치의꿈향토음식점 이며 멸치의 고장인 제주에서멸치요리 전문점으로 영업중 이랍니다.#엔쵸비레스토랑 !!멸치란 메뉴가 생소 할 수도 있지만 직접 다녀 와 보시면 반해버릴지도 ~제주에서 나는 100% 제주산 멸치로 요리하고천연조미료만 사용 하기 때문에천연의 맛을 느낄 수 있으니 꼬~옥 맛보세요.#제주멸치쌈밥 #멸치쌈밥 #제주도맛집 #서귀포맛집 #제주현지인맛집 #제주여행 #제주도여행 #제주신상맛집 #제주도맛집추천 #신화월드맛집 #대정읍맛집 #안덕면맛집 #산방산맛집 #제주맛집 #모슬포맛집 #제주오설록맛집,2021-08-19,9,,"['#홍보제주', '#멸치의꿈향토음식점', '#엔쵸비레스토랑', '#제주멸치쌈밥', '#멸치쌈밥', '#제주도맛집', '#서귀포맛집', '#제주현지인맛집', '#제주여행', '#제주도여행', '#제주신상맛집', '#제주도맛집추천', '#신화월드맛집', '#대정읍맛집', '#안덕면맛집', '#산방산맛집', '#제주맛집', '#모슬포맛집', '#제주오설록맛집']"
제주 인생밥집⠀⠀⠀⠀⠀⠀⠀⠀⠀⠀⠀⠀⠀⠀⠀⠀⠀🕚 OPEN - 11:00⠀⠀⠀⠀⠀⠀⠀⠀⠀⠀⠀⠀🕕 CLOSED - 17:00⠀⠀⠀⠀⠀⠀⠀⠀⠀⠀⠀⠀⠀⠀⠀⠀⠀브레이크타임 없어요.⠀⠀⠀⠀⠀⠀⠀⠀⠀⠀⠀⠀⠀⠀⠀⠀⠀예약은 받지 않고 오시는 순서대로 식사가능 하세요.⠀⠀⠀⠀⠀⠀⠀⠀⠀⠀⠀⠀⠀⠀⠀⠀⠀싱싱한 해물과 신선한 야채로 그날 준비한 재료가 소진되면 조기마감 합니다. ⠀⠀⠀⠀⠀⠀⠀⠀⠀⠀⠀⠀⠀⠀⠀⠀⠀⠀⠀⠀⠀⠀⠀⠀⠀⠀⠀⠀⠀⠀⠀⠀⠀⠀🥣전복해물볶음밥 / 전복물회 / 전복딱새우장 정식⠀⠀⠀⠀⠀⠀⠀⠀⠀⠀⠀⠀⠀⠀⠀⠀⠀사는게니나노 ~ ♬인생밥집 010-6501-5073주소는 제주시 한림읍 문교길6 ..⠀⠀⠀⠀⠀⠀⠀⠀⠀⠀⠀⠀⠀⠀⠀⠀⠀🅿️ 무료 공영 주차장 위치!! .⠀⠀⠀⠀⠀⠀⠀⠀⠀⠀⠀⠀⠀⠀⠀⠀⠀🚗 제주시 한림읍 한림리 1197-4🚘 제주시 한림읍 한림리 1198-3🚙 제주시 한림읍 한림리 943-9.걸어서 2분이내 거리에요~♡♡#애월맛집 #애월카페 #애월읍맛집#제주애월맛집 #제주도맛집 #제주맛집#제주카페 #외도맛집 #하귀맛집 #협재맛집 #협재해수욕장#한림맛집 #한림카페 #애월해안도로맛집#애월가볼만한곳 #제주공항맛집 #제주데이트#제주공항근처맛집 #한담맛집 #제주해안도로#제주맛집추천 #제주도맛집추천 #제주도민맛집,2021-08-19,2,,"['#애월맛집', '#애월카페', '#애월읍맛집', '#제주애월맛집', '#제주도맛집', '#제주맛집', '#제주카페', '#외도맛집', '#하귀맛집', '#협재맛집', '#협재해수욕장', '#한림맛집', '#한림카페', '#애월해안도로맛집', '#애월가볼만한곳', '#제주공항맛집', '#제주데이트', '#제주공항근처맛집', '#한담맛집', '#제주해안도로', '#제주맛집추천', '#제주도맛집추천', '#제주도민맛집']"
#제주를동화처럼 #민트에미치다예쁨가득한 두더지 식당예전부터 가보고싶던곳 이제 다녀왔어요! 예쁜 인테리어와 맛있는 음식을 있던 곳이었어요!📍위치 : 박성내서길 14⏰시간 : 11:00 ~ 21:00 (15:00 ~17:00 브레이크타임),2021-08-19,73,,"['#제주를동화처럼', '#민트에미치다예쁨가득한']"
..#헤김치 #매운김치..내 볶음밥.사진보시고.사장님께서저희 김치랑.드시면.딱일꺼 같다는댓글 보고ㅎㅎ제품 부탁 드렸는데😍😍😍😍😍😍😍😍@heh.kimchi와우ㅋㅋ지금까지 먹은 매운김치랑전혀 ㅋ다름.....완전일반 실비김치들이..악 매워.나 진짜 매워..악🔥🔥🌶🌶🔥🌶이런거였다면 ..이건 진짜 잘익어서  마싯고.시원하고매운맛ㅋㅋㅋ내가 딱 좋아하는맛.ㅋ맵찔이지만 매운거 좋아하는데이김치는 진심..어디든 잘어울림ㅋ막 죽어라 매운게 아니라.마싯음ㅎㅋㅋㅋㅋㅋ추가주문각이다이건ㅋㅋ👍👍👍..#실비김치#김치맛집 #맛있어#내스타일#양념갈비#친구#홈파티#요리사#참이슬#korea#플레이팅#맛집#안주#수원#수원맛집#먹방#소주#요리#술스타그램#요리스타그램#재희포차#온더테이블#대구맛집#부산맛집#제주도맛집#요리하는남자#레시피테러리스트,2021-08-19,71,,"['#헤김치', '#매운김치..내', '#실비김치', '#김치맛집', '#맛있어', '#내스타일', '#양념갈비', '#친구', '#홈파티', '#요리사', '#참이슬', '#korea', '#플레이팅', '#맛집', '#안주', '#수원', '#수원맛집', '#먹방', '#소주', '#요리', '#술스타그램', '#요리스타그램', '#재희포차', '#온더테이블', '#대구맛집', '#부산맛집', '#제주도맛집', '#요리하는남자', '#레시피테러리스트']"
편안하고 따뜻한 시간을 보냈던 식당. 신비로운 분위기에서 바질향 가득한 뇨끼. 깊이 기억하고 약속했던 막걸리 먹으러 가겠습니다!#soom_jeju #이호테우해변 #이호테우해변맛집 #제주도 #제주도맛집,2021-08-19,1,,"['#soom_jeju', '#이호테우해변', '#이호테우해변맛집', '#제주도', '#제주도맛집']"
공항에서 가까운곳으로 찾아간 #제주분식좋은선택이었다 ㅋㅋ제주분식전화 - 064-726-2120주소 - 제주시 귀아랑길 23 (제주공항 5분거리)#제주현지인맛집#제주맛집#제주도맛집#제주공항맛집#연동맛집#연동제주분식#제주도공항근처맛집#제주도여행#제주가볼만한곳#노형동맛집,2021-08-19,2,,"['#제주분식좋은선택이었다', '#제주현지인맛집', '#제주맛집', '#제주도맛집', '#제주공항맛집', '#연동맛집', '#연동제주분식', '#제주도공항근처맛집', '#제주도여행', '#제주가볼만한곳', '#노형동맛집']"
.+이제 다시+,2021-08-19,26,,[]
뱅기 타기전에 꼭 한번씩 들려줘야하는 타르트 맛집 !!!!!공항근처라 랜트 반납하기전에 들려줘야징 ㅎㅎㅎ #제주도카페#제주도맛집 #제주핫플 #제주공항근처카페 #jeju#jejudo #제주타르트 #제주맛집 #제주카페#타르트맛집 #제주도여행 #제주공항카페 #섬타르#제주선물 #제주카페투어 #제주도카페추천 #제주도타르트#제주도카페맛집#제주섬타르왔어요#제주시카페#제주공항근처맛집#제주도여행#좋아요가요#좋아요테러반사#좋아요팔로우#좋아요좋아요#맞팔좋아요#댓글놀이,2021-08-19,3,,"['#제주도카페', '#제주도맛집', '#제주핫플', '#제주공항근처카페', '#jeju', '#jejudo', '#제주타르트', '#제주맛집', '#제주카페', '#타르트맛집', '#제주도여행', '#제주공항카페', '#섬타르', '#제주선물', '#제주카페투어', '#제주도카페추천', '#제주도타르트', '#제주도카페맛집', '#제주섬타르왔어요', '#제주시카페', '#제주공항근처맛집', '#제주도여행', '#좋아요가요', '#좋아요테러반사', '#좋아요팔로우', '#좋아요좋아요', '#맞팔좋아요', '#댓글놀이']"
.제주 핫플레이스 콧수염 카페 😊여심 저격 피크닉바다 뷰와 편안한 빈백 소파옥상 빈백 정원월정 바다가 한눈에 들어오는 야외 테라스까지 준비되어 있어요 ☕️🧺🐕제주시 구좌읍 해맞이해안로 406 카페콧수염070-4131-8880방문해주신 모든 분들께 감사드립니다매일 모든 메뉴 sold-out 되므로 선착순 판매합니다.#월정리해변 #월정리콧수염 #구좌읍카페 #성산카페 #서귀포카페 #제주월정리 #제주시카페 #제주해안도로 #제주 #제주카페 #제주도맛집 #제주맛집 #서귀포맛집 #제주도마카롱 #월정리카페 #제주도 #월정 #제주마카롱맛집 #월정리카페콧수염 #제주피크닉 #월정리맛집 #성산일출봉맛집 #제주도기념품 #제주동쪽카페 #월정리 #함덕해수욕장 #월정리해수욕장 #제주도카페 #제주애견동반카페 #제주월정리카페,2021-08-19,2,,"['#월정리해변', '#월정리콧수염', '#구좌읍카페', '#성산카페', '#서귀포카페', '#제주월정리', '#제주시카페', '#제주해안도로', '#제주', '#제주카페', '#제주도맛집', '#제주맛집', '#서귀포맛집', '#제주도마카롱', '#월정리카페', '#제주도', '#월정', '#제주마카롱맛집', '#월정리카페콧수염', '#제주피크닉', '#월정리맛집', '#성산일출봉맛집', '#제주도기념품', '#제주동쪽카페', '#월정리', '#함덕해수욕장', '#월정리해수욕장', '#제주도카페', '#제주애견동반카페', '#제주월정리카페']"
온도리그램제목 : 6개월만의 우정바운다리입실하기 전부터 문자로 이미유쾌 상쾌 통쾌 바운다리란걸알아버릴 정도로 밝은 동생들역시나 예상을 적중한 시스템회와 김밥을 너무나 잘먹던 둘기본적으로 작은목소리는불가뭐랄까..이번제주 여행을하면서뽕을뽑아버리자라는 느낌물씬~ 저녁을 먹으면서 다음날 점심을걱정해버리는 여동생 바운다리들그토록 원하는 스노쿨링 꼭하고!장겨울선생 운동열심히하고 ㅋㅋ간호사선생 명품그만사입고 ㅋㅋ다음에 또 봅시다잉👋  약속쿠~ #제주온도#제주온도게스트하우스,2021-08-19,53,,"['#제주온도', '#제주온도게스트하우스']"
★제주도 명품 호스트바★ ♥당신의 이상형을 초이스 하세요♥ ●선수 항시 대기중● %MD_로또 를 찾아주세요% ☞Kakao ID = gxz917☜ ☎010.4464.7090☎...#호빠#호빠추천#제주호빠#제주도호스트바#제주도#제주도여행#제주여행#제주도호빠#호빠문의#호빠주대#호빠마담#f4f#선팔하면맞팔#like4like#클럽#나이트#제주도민#제주도파티24#파티24#제주도party24#party24#제주도미용실#제주도맛집#제주도가라오케#제주도유흥#제주도밤문화#제주도텐프로#제주도레깅스#제주도셔츠룸#제주도술집,2021-08-19,3,,"['#호빠', '#호빠추천', '#제주호빠', '#제주도호스트바', '#제주도', '#제주도여행', '#제주여행', '#제주도호빠', '#호빠문의', '#호빠주대', '#호빠마담', '#f4f', '#선팔하면맞팔', '#like4like', '#클럽', '#나이트', '#제주도민', '#제주도파티24', '#파티24', '#제주도party24', '#party24', '#제주도미용실', '#제주도맛집', '#제주도가라오케', '#제주도유흥', '#제주도밤문화', '#제주도텐프로', '#제주도레깅스', '#제주도셔츠룸', '#제주도술집']"
연속 꽝 조과 이어서 용왕님이 불쌍해서 보내주신 고구마 급  무늬오징어아들과 둘이 짬낚으로 신나게 잡았네요코로나 4단계로 힘든 착한괴기 이지만 잠시나마 모든걸 잊게해준힐링 타임 이었네요😀😀😀먹물 훈장은 덤😅😅😅힐링 만땅 했으니내일 부턴 더 더 더 💓💓💓파이팅 하겠습니다참고로 내가 튀긴  무늬오징어 너무 맛나다~~~👍👍👍#착한괴기 #무늬오징어 #낚시 #튀김 #제주도맛집 #제주도민맛집 #서귀포로컬맛집 #제주도맛집 #흑돼지맛집 #제주이민 #제주한달살기중 #쇠소깍 #휴애리자연생활공원 #효돈맛집 #갈비 #특수부위 #흑돼지오겹살 #오겹살맛집 #숯불구이,2021-08-19,41,,"['#착한괴기', '#무늬오징어', '#낚시', '#튀김', '#제주도맛집', '#제주도민맛집', '#서귀포로컬맛집', '#제주도맛집', '#흑돼지맛집', '#제주이민', '#제주한달살기중', '#쇠소깍', '#휴애리자연생활공원', '#효돈맛집', '#갈비', '#특수부위', '#흑돼지오겹살', '#오겹살맛집', '#숯불구이']"
제주밤바다🌌#제주도#제주도맛집#중문해수욕장#제주롯데호텔 #노원눈썹 #노원남자눈썹문신#노원여자눈썹문신#코로나,2021-08-19,13,,"['#제주도', '#제주도맛집', '#중문해수욕장', '#제주롯데호텔', '#노원눈썹', '#노원남자눈썹문신', '#노원여자눈썹문신', '#코로나']"
#제주에서살고싶다그램후유증 시달리는중#일상생활가능하냐#유튜버의삶폭발직전 건들지마세요..#제주#제주도#제주도여행#제주맛집#제주가볼만한곳#허니문하우스#결혼#신혼여행#나도가고싶다#제주도맛집#제주도맛집추천#작곡#서울#강남#녹음#유튜버#싱어송라이터#제주도카페#절벽#김범수#적재#적재선글라스#김범수선글라스,2021-08-19,30,,"['#제주에서살고싶다그램후유증', '#일상생활가능하냐', '#유튜버의삶폭발직전', '#제주', '#제주도', '#제주도여행', '#제주맛집', '#제주가볼만한곳', '#허니문하우스', '#결혼', '#신혼여행', '#나도가고싶다', '#제주도맛집', '#제주도맛집추천', '#작곡', '#서울', '#강남', '#녹음', '#유튜버', '#싱어송라이터', '#제주도카페', '#절벽', '#김범수', '#적재', '#적재선글라스', '#김범수선글라스']"
흑돼지두루치기 & 고등어조림반찬으로 나오는 간장게장이 진짜.. 간장게장 비려서 싫어하는 나한테도 넘넘 맛있었음ㅠㅠㅠ제주도 가면 꼭 들리는 맛집..❤️❤️,2021-08-19,47,,[]
".1,2층은 월정 바다가 한눈에 보이는 실내 좌석과 야외 테라스옥상엔 빈백 정원! 🌤🌊곳곳에 있는 인생샷 포토존까지 즐겨보세요 📸😉제주시 구좌읍 해맞이해안로 406 카페콧수염070-4131-8880예쁜 사진 남겨주셔서 감사합니다 🌷방문해주신 모든 분들께 감사드립니다#제주시카페 #세화카페 #제주맛집 #월정 #제주도카페 #월정리카페콧수염 #구좌읍맛집 #구좌읍 #제주피크닉 #제주월정리 #제주도 #함덕해수욕장 #제주카페 #제주도여행 #월정리 #제주도민맛집 #월정리카페거리 #제주동쪽카페 #제주 #제주월정리카페 #함덕카페 #성산일출봉맛집 #월정리콧수염 #월정리카페 #성산맛집 #제주도마카롱 #서귀포카페 #제주도맛집 #제주도선물 #월정리맛집",2021-08-19,2,,"['#제주시카페', '#세화카페', '#제주맛집', '#월정', '#제주도카페', '#월정리카페콧수염', '#구좌읍맛집', '#구좌읍', '#제주피크닉', '#제주월정리', '#제주도', '#함덕해수욕장', '#제주카페', '#제주도여행', '#월정리', '#제주도민맛집', '#월정리카페거리', '#제주동쪽카페', '#제주', '#제주월정리카페', '#함덕카페', '#성산일출봉맛집', '#월정리콧수염', '#월정리카페', '#성산맛집', '#제주도마카롱', '#서귀포카페', '#제주도맛집', '#제주도선물', '#월정리맛집']"
𝙷𝚊𝚙𝚙𝚢 𝚂𝚞𝚗𝚗𝚢𝚍𝚊𝚢🌤😎🧡세상 큼직한 내 이쁜 유니콘튜브 첫 개시🦄💗사람없는 해변에서 우리끼리 신나게 놀다온 하루🌊이번엔 맑은 제주바다에서 물놀이 원없이 했다아🌴아직도 남은 사진 잔뜩인데...이번 여름이 가기전에다 기록할수있겠지? 벌써 또가고싶다요#파니in제주,2021-08-19,91님 외 42명이 좋아합니,,['#파니in제주']
"제주 여행에서 빠질 수 없는 #한림공원 너무 식상한 관광지라 생각할 수 있지만 다양한 식물 뿐 아니라 조류, 파충류도 볼 수 있어요! 게다가 야자수길은 정말 이국적이라 코시국에 해외 여행온 것 같은 느낌이 물씬🌴🌴 아기랑 제주 한림공원 VLOG도 유튜브에서 만날 수 있어요✨✨",2021-08-19,2,,['#한림공원']
"<짐캐리 퀴즈 타임!>김포공항에서 출발해 제주도 숙소에서바로 찾을 수 있는국내 최초 수하물 운송 서비스 이름은?😎""0000""🎁퀴즈 맞히고 선물 받아가세요🎁✔️이벤트 경품🎉스타벅스 아메리카노 기프티콘(15명)🎉✔️이벤트 참여방법1.@zim_carry 팔로우 하기!2. 해당 게시물 좋아요 누르고  댓글로 정답 남기기!✔️당첨 확률 높이는 꿀팁-🍯친구들한테 널리널리 댓글로 @태그!다른 게시글에도 좋아요 꾹~누르기!✔️이벤트기간 21.08.19~21.08.25✔️당첨자발표 21.08.26 개별 DM🔺유의사항🔺비공개 계정/가계정인 경우 이벤트 당첨 대상자에서 제외됩니다.상품 발송 전, 계정 팔로우를 취소하거나 댓글 삭제 시 당첨이 취소될 수 있습니다...김포공항에서 짐을 바로 제주숙소/골프장로 옮기고 싶다면?수하물 나오는 시간 세이브! 🙆숙소에 짐 두는 시간 세이브! 🙆🏻불필요한 시간 아껴서 더 많이 놀자!💯💯",2021-08-19,64,,[]
다이어트해야하는데 이렇게 많이주시면.. 감사합니다😇#제주예찬#제주도맛집 #제주맛집 #제주공항근처맛집 #제주시맛집 #제주도갈치조림 #제주예찬갈치조림 #제주갈치맛집 #제주갈치조림맛집 #제주도갈치조림맛집 #제주도갈치구이맛집 #제주도여행 #제주여행 #제주가볼만한곳 #제주도가볼만한곳,2021-08-19,1,,"['#제주예찬', '#제주도맛집', '#제주맛집', '#제주공항근처맛집', '#제주시맛집', '#제주도갈치조림', '#제주예찬갈치조림', '#제주갈치맛집', '#제주갈치조림맛집', '#제주도갈치조림맛집', '#제주도갈치구이맛집', '#제주도여행', '#제주여행', '#제주가볼만한곳', '#제주도가볼만한곳']"
제주도에서만 즐길수있는 수제버거 관자스테이크버거 고단백 저칼로리 제주 버거요 미친선셋은 덤입니다,2021-08-19,0,,[]
"☀제주의 멋과 맛을 모두 즐기시고 싶다면➩✨제주여행의 후회없는 선택➀제주공항 근처 바닷가 바로 앞 풍경맛집➁해녀가 직접 채집하는제주보말, 제주돼지, 제주비트를 재료로 하는 건강맛집 [한라진칼국수]입니다.✅OPEN 9:00✅CLOSE 16:00✅매주 월요일 정기휴무✈제주시 테우해안로32☏TEL 064.711.8525#한라진칼국수 #제주맛집 #제주맛집추천 #제주도맛집 #제주도맛집추천 #제주공항맛집 #제주공항근처맛집 #보말칼국수 #보말칼국수맛집 #제주보말칼국수 #제주보말칼국수맛집 #돔베고기 #제주가족여행 #제주데이트 #제주점심 #제주도민맛집 #이호테우해변맛집 #애월맛집 #애월해안도로맛집 #제주오션뷰맛집 #함덕맛집 #성산일출봉맛집 #협재맛집 #곽지맛집 #한담맛집 #한림맛집 #제주도여행 #제주여행 #제주핫플 #제주아침식사",2021-08-19,2,,"['#한라진칼국수', '#제주맛집', '#제주맛집추천', '#제주도맛집', '#제주도맛집추천', '#제주공항맛집', '#제주공항근처맛집', '#보말칼국수', '#보말칼국수맛집', '#제주보말칼국수', '#제주보말칼국수맛집', '#돔베고기', '#제주가족여행', '#제주데이트', '#제주점심', '#제주도민맛집', '#이호테우해변맛집', '#애월맛집', '#애월해안도로맛집', '#제주오션뷰맛집', '#함덕맛집', '#성산일출봉맛집', '#협재맛집', '#곽지맛집', '#한담맛집', '#한림맛집', '#제주도여행', '#제주여행', '#제주핫플', '#제주아침식사']"
아기랑 유기농 블루베리 수확 체험 다녀온 영상도 유튜브에 업로드 했어요🫐🫐 #폴개협동조합 유기농 블루베리 수확 체험은 정말 강추 또 강추랍니다!,2021-08-19,3,,['#폴개협동조합']
지난번에 방문하고 잊지못해 또 옴!!!! 강추강추 #제주도맛집꺼멍연탄구이#제주도맛집 #신화월드맛집 #오설록맛집 #카멜리아힐맛집 #한경면맛집 #제주도흑돼지맛집 #송악산맛집 #산방산맛집 #오설록티뮤지엄 #제주신화월드메리어트 #제주신화월드 #제주도현지인맛집 #제주현지인맛집 #제주도가볼만한곳 #제주도여행 #저지리맛집,2021-08-19,1,,"['#제주도맛집꺼멍연탄구이', '#제주도맛집', '#신화월드맛집', '#오설록맛집', '#카멜리아힐맛집', '#한경면맛집', '#제주도흑돼지맛집', '#송악산맛집', '#산방산맛집', '#오설록티뮤지엄', '#제주신화월드메리어트', '#제주신화월드', '#제주도현지인맛집', '#제주현지인맛집', '#제주도가볼만한곳', '#제주도여행', '#저지리맛집']"
제주여행 2일차오늘은 #제주분식 에서 아침먹고 시작!돔베가 올라간 라면이랑 모듬분식 모당모당까지 클리어~~-----#제주맛집#제주도맛집#제주공항맛집#제주도공항근처맛집#연동제주분식#제주노형동맛집#신제주맛집#연동맛집#제주분식맛집#제주도맛집추천,2021-08-19,4,,"['#제주분식', '#제주맛집', '#제주도맛집', '#제주공항맛집', '#제주도공항근처맛집', '#연동제주분식', '#제주노형동맛집', '#신제주맛집', '#연동맛집', '#제주분식맛집', '#제주도맛집추천']"
🤍,2021-08-19,15,,[]
#제주필수코스 바다뷰보며 피크닉즐기기🥂제주여행중 이건꼭먹어야해😋#흑돼지박스 포장하고 자동차안 숙소 피크닉 어디서먹어도👍💕.🚘흑돼지박스성산점👉성산읍 신양로100🚘흑돼지박스산방산점👉안덕면사계남로168 .11:00~19:00까지 영업✔재료소진시 조기마감..#제주맛집 #성산일출봉 #산방산 #광치기해변 #제주여행추천 #제주동쪽여행 #제주맛집추천 #월정리해변 #함덕맛집 #함덕해수욕장 #구좌읍맛집추천 #성산읍맛집 #산방산맛집 #성산맛집 #섭지코지맛집 #성산일출봉맛집 #한림맛집 #한림카페 #애월카페 #애월맛집 #제주애월맛집 #제주도맛집 #서귀포맛집 #월정리맛집,2021-08-19,10,,"['#제주필수코스', '#흑돼지박스', '#제주맛집', '#성산일출봉', '#산방산', '#광치기해변', '#제주여행추천', '#제주동쪽여행', '#제주맛집추천', '#월정리해변', '#함덕맛집', '#함덕해수욕장', '#구좌읍맛집추천', '#성산읍맛집', '#산방산맛집', '#성산맛집', '#섭지코지맛집', '#성산일출봉맛집', '#한림맛집', '#한림카페', '#애월카페', '#애월맛집', '#제주애월맛집', '#제주도맛집', '#서귀포맛집', '#월정리맛집']"
제주 인생밥집⠀⠀⠀⠀⠀⠀⠀⠀⠀⠀⠀⠀⠀⠀⠀⠀⠀🕚 OPEN - 11:00⠀⠀⠀⠀⠀⠀⠀⠀⠀⠀⠀⠀🕕 CLOSED - 17:00⠀⠀⠀⠀⠀⠀⠀⠀⠀⠀⠀⠀⠀⠀⠀⠀⠀브레이크타임 없어요.⠀⠀⠀⠀⠀⠀⠀⠀⠀⠀⠀⠀⠀⠀⠀⠀⠀예약은 받지 않고 오시는 순서대로 식사가능 하세요.⠀⠀⠀⠀⠀⠀⠀⠀⠀⠀⠀⠀⠀⠀⠀⠀⠀싱싱한 해물과 신선한 야채로 그날 준비한 재료가 소진되면 조기마감 합니다. ⠀⠀⠀⠀⠀⠀⠀⠀⠀⠀⠀⠀⠀⠀⠀⠀⠀⠀⠀⠀⠀⠀⠀⠀⠀⠀⠀⠀⠀⠀⠀⠀⠀⠀🥣전복해물볶음밥 / 전복물회 / 전복딱새우장 정식⠀⠀⠀⠀⠀⠀⠀⠀⠀⠀⠀⠀⠀⠀⠀⠀⠀사는게니나노 ~ ♬인생밥집 010-6501-5073주소는 제주시 한림읍 문교길6 ..⠀⠀⠀⠀⠀⠀⠀⠀⠀⠀⠀⠀⠀⠀⠀⠀⠀🅿️ 무료 공영 주차장 위치!! .⠀⠀⠀⠀⠀⠀⠀⠀⠀⠀⠀⠀⠀⠀⠀⠀⠀🚗 제주시 한림읍 한림리 1197-4🚘 제주시 한림읍 한림리 1198-3🚙 제주시 한림읍 한림리 943-9.걸어서 2분이내 거리에요~♡♡#제주#제주도#jeju#제주살이#제주맛집#제주도맛집#한림맛집#애월맛집#대구#중문맛집#산방산맛집#월정리#신화월드맛집#제주신혼여행#협재해수욕장근처맛집#협재해변#금능해수욕장#좋아요#일상#일상스타그램#먹스타그램#맛스타그램 #전복장 #딱새우장#제주가족여행 #제주우정여행 #제주혼밥 #협재혼밥,2021-08-19,13,,"['#제주', '#제주도', '#jeju', '#제주살이', '#제주맛집', '#제주도맛집', '#한림맛집', '#애월맛집', '#대구', '#중문맛집', '#산방산맛집', '#월정리', '#신화월드맛집', '#제주신혼여행', '#협재해수욕장근처맛집', '#협재해변', '#금능해수욕장', '#좋아요', '#일상', '#일상스타그램', '#먹스타그램', '#맛스타그램', '#전복장', '#딱새우장', '#제주가족여행', '#제주우정여행', '#제주혼밥', '#협재혼밥']"
제주도 맛집은 포도호텔 우동&망빙💖--서울신라망빙>>포도호텔망빙>>>>제주신라망빙>>>>>안다즈망빙,2021-08-19,21,,[]
#제주여행추천 #흑돼지박스 포장하고 바로옆 섭지해변에서 성산일출봉을 바라보며 먹는 제주도시락😋..🚘섭지해변 도보2분 외 광치기해변 월정리해변 세화해변 성산일출봉 만장굴 비자림 백약이오름 아쿠아플라넷 등등 주요관광지가 근처에 위치해있어 어디가서먹어도👍..✔11:00~19:00까지 영업    재료소진시 조기마감 .✔흑돼지박스성산점👉성산읍 신양로100 .✔흑돼지박스산방산점👉안덕면사계남로168..#제주맛집 #성산일출봉맛집 #섭지코지맛집 #성산맛집 #제주도맛집 #함덕맛집 #세화맛집 #섭지코지카페 #성산카페 #구좌읍맛집추천 #성산읍맛집추천 #성산읍맛집 #서귀포맛집 #산방산맛집 #성산일출봉 #세화카페 #월정리해변 #제주성산맛집 #광치기해변맛집 #우도 #제주도카페 #아쿠아플라넷제주맛집 #스누피가든제주,2021-08-19,9,,"['#제주여행추천', '#흑돼지박스', '#제주맛집', '#성산일출봉맛집', '#섭지코지맛집', '#성산맛집', '#제주도맛집', '#함덕맛집', '#세화맛집', '#섭지코지카페', '#성산카페', '#구좌읍맛집추천', '#성산읍맛집추천', '#성산읍맛집', '#서귀포맛집', '#산방산맛집', '#성산일출봉', '#세화카페', '#월정리해변', '#제주성산맛집', '#광치기해변맛집', '#우도', '#제주도카페', '#아쿠아플라넷제주맛집', '#스누피가든제주']"
금악오름은 올라갈때 악소리나서 금악오름..\(◡̈)/,2021-08-19,36,,[]
🤍,2021-08-19,17,,[]
전날 예약하고 다음날 픽업하는 시스템제주에서 가장 힙하다는 김밥픽업 차량으로 가게앞은 차량이 빼곡하다테이크 아웃으로만 먹어볼 수 있는 녀석그래서 더더욱 맛스런 사진이 어렵다음식을 분석하는게 이상하지만특이하게도 밥알 부분에서 튀김스런 식감이 느껴지고 햄과 맛살을 잘 조려내 맛이 풍요롭다난생처음 먹어보는 진귀한 맛왜그리도 열광하는지 알겠다정말 강추한다#오는정김밥 #제주도 #제주도여행 #제주도맛집,2021-08-19,107,,"['#오는정김밥', '#제주도', '#제주도여행', '#제주도맛집']"
🤍,2021-08-19,17,,[]
은쥬투어 Day2💫 #jejuisland,2021-08-19,55,,['#jejuisland']
#제주도여행 이건꼭먹어야해💕도시락 포장후 바다뷰보며 먹는 #흑돼지박스자동차안 숙소 등 어디서든👌..🔹️11:00~19:00까지 영업(재료소진시 마감).🔹️흑돼지박스산방산점👉안덕면사계남로168🔹️흑돼지박스성산점👉성산읍 신양로100..#제주맛집 #제주도맛집 #산방산맛집 #송악산맛집 #산방산카페 #송악산카페 #안덕면맛집 #안덕면카페 #사계해변 #애월카페 #중문관광단지맛집 #오설록맛집 #용머리해안맛집 #성산맛집 #섭지코지맛집 #성산일출봉맛집 #산방산 #서귀포맛집 #중문맛집 #한림맛집 #한림카페 #제주도카페 #신화월드맛집 #제주애월맛집 #사계맛집 #사계해안,2021-08-19,14,,"['#제주도여행', '#흑돼지박스자동차안', '#제주맛집', '#제주도맛집', '#산방산맛집', '#송악산맛집', '#산방산카페', '#송악산카페', '#안덕면맛집', '#안덕면카페', '#사계해변', '#애월카페', '#중문관광단지맛집', '#오설록맛집', '#용머리해안맛집', '#성산맛집', '#섭지코지맛집', '#성산일출봉맛집', '#산방산', '#서귀포맛집', '#중문맛집', '#한림맛집', '#한림카페', '#제주도카페', '#신화월드맛집', '#제주애월맛집', '#사계맛집', '#사계해안']"
은쥬투어 Day3⛰🏝#jejuisland,2021-08-19,46,,['#jejuisland']
문신돼지국밥충 제주 2일차🏕,2021-08-19,77,,[]
#food #foodstagram #foodporn #foodie #foodphotography #foodblogger #foodstyling #foodpics #foodpic #foodlover #noodles #korea #jeju #음식 #제주도맛집 #제주도맛집추천#맛집추천 #맛집 #제주도 #우동#우동맛집 #회 #푸드스타그램#맞팔 #맞팔해요 #맞팔환영 #맞팔선팔환영 #좋반 #좋아요 #좋아요반사,2021-08-19,15,,"['#food', '#foodstagram', '#foodporn', '#foodie', '#foodphotography', '#foodblogger', '#foodstyling', '#foodpics', '#foodpic', '#foodlover', '#noodles', '#korea', '#jeju', '#음식', '#제주도맛집', '#제주도맛집추천', '#맛집추천', '#맛집', '#제주도', '#우동', '#우동맛집', '#회', '#푸드스타그램', '#맞팔', '#맞팔해요', '#맞팔환영', '#맞팔선팔환영', '#좋반', '#좋아요', '#좋아요반사']"
Crab Jack in Jeju 🦀🌴🍺-인스타그램에서 보고 꼭 가봐야지 했던 곳! 웨이팅이 어마무시해서 브레이크 타임 지나고 4시40분쯤 갔는데도 앞에 대기 20팀..거의 한시간 반 기다렸지만 it was worth it! 야외와 실내 좌석 선택할 수 있는데 아묻따 야외로 했다!날이 더워 오전보단 저녁에 가길 잘했다 싶었다. 덤으로 일몰도 볼 수 있음!#제주도#제주도맛집#제주맛집#제주도여행#크랩잭#제주크랩잭#소통해요#여행에미치다,2021-08-19,6,,"['#제주도', '#제주도맛집', '#제주맛집', '#제주도여행', '#크랩잭', '#제주크랩잭', '#소통해요', '#여행에미치다']"
_분기마다 보는 우아X 우당탕탕 겅쥬들이랑 공주놀이✨👸🏻#요즘내피드컨셉#벤자민버튼의시간은거꾸로간다 #곧또보는우리 캬캬 😆,2021-08-19,20,,"['#요즘내피드컨셉', '#벤자민버튼의시간은거꾸로간다', '#곧또보는우리']"
졸리면 안되는데..,2021-08-19,18,,[]
한라산 배경 제주도 최대의 녹차밭🍃오르지 않아도 예쁘다! (자기합리화),2021-08-19,160,,[]
𝙿𝚎𝚛𝚏𝚎𝚌𝚝 𝚅𝚒𝚎𝚠🌈로나 때문에 해외여행은 못가지만#보래드베이커스 뷰는 해외여행을온 것 처럼 뷰가 완벽해요:)해외느낌 낭낭하게 나는 보래드베이커스에서 힐링과 #서귀피안호텔 에서 호캉스까지 어떤가요🤍 보래드베이커스는 연중무휴입니다😊,2021-08-19,n1222님 외 43명이 좋아합니,,"['#보래드베이커스', '#서귀피안호텔']"
기특한 나. 귀여워...,2021-08-19,15,,[]
너무 먹고싶었던 고기국수👍,2021-08-19,35,,[]
🏝🤍#제주도 #제주 #제주도여행 #제주여행 #여행 #제주도맛집 #제주맛집 #맛집 #먹스타그램 #셀카 #셀스타그램 #셀피 #팔로우 #좋아요 #좋아요반사 #좋반 #소통 #selfie #follow #followforfollowback #likeforlikes #likeforfollow,2021-08-19,127,,"['#제주도', '#제주', '#제주도여행', '#제주여행', '#여행', '#제주도맛집', '#제주맛집', '#맛집', '#먹스타그램', '#셀카', '#셀스타그램', '#셀피', '#팔로우', '#좋아요', '#좋아요반사', '#좋반', '#소통', '#selfie', '#follow', '#followforfollowback', '#likeforlikes', '#likeforfollow']"
내 영혼은 별이 되었다고 한다,2021-08-18,44,,[]
먹는게 남는거! 물론 살로....🤦‍♀️#제주도#맛집#제주도맛집#흑돼지#명리동식당#작년#그때가맛있었어#해심가든#우진해장국#자매국수#다들#웨이팅#심하네#기다리다가#지친다#2PM#그래도#다맛있어#yummy#여름휴가,2021-08-11,10,,"['#제주도', '#맛집', '#제주도맛집', '#흑돼지', '#명리동식당', '#작년', '#그때가맛있었어', '#해심가든', '#우진해장국', '#자매국수', '#다들', '#웨이팅', '#심하네', '#기다리다가', '#지친다', '#2PM', '#그래도', '#다맛있어', '#yummy', '#여름휴가']"
.막 찍어도 화보 같은 월정리 카페 콧수염고객님의 멋진 사진 감사합니다 🤳제주시 구좌읍 해맞이해안로 406 카페콧수염070-4131-8880방문해주신 모든 분들께 감사드립니다예쁜 사진 남겨주셔서 감사합니다 🌷#제주 #월정리해수욕장 #서귀포맛집 #제주애견동반카페 #월정리맛집 #성산맛집 #함덕맛집 #제주카페 #월정리카페콧수염 #제주시카페 #제주동쪽카페 #제주카페추천 #제주맛집 #월정리카페거리 #서귀포카페 #제주월정리카페 #구좌읍 #월정리카페 #제주도카페 #제주도선물 #월정리 #제주마카롱맛집 #월정리콧수염 #제주도맛집 #제주도 #월정리해변 #제주월정리 #월정 #제주도기념품 #제주도마카롱,2021-08-19,2,,"['#제주', '#월정리해수욕장', '#서귀포맛집', '#제주애견동반카페', '#월정리맛집', '#성산맛집', '#함덕맛집', '#제주카페', '#월정리카페콧수염', '#제주시카페', '#제주동쪽카페', '#제주카페추천', '#제주맛집', '#월정리카페거리', '#서귀포카페', '#제주월정리카페', '#구좌읍', '#월정리카페', '#제주도카페', '#제주도선물', '#월정리', '#제주마카롱맛집', '#월정리콧수염', '#제주도맛집', '#제주도', '#월정리해변', '#제주월정리', '#월정', '#제주도기념품', '#제주도마카롱']"
이가격실화??갈치조림정식이 1만원.직접만든 도토리묵반찬에~~부실한 반찬이아닌 김치부터 모든 밑반찬을 직접만드심👍#제주가성비맛집#보말칼국수 또한 찐😍이건 꼭 먹어야해😋도민들사이에서만 쉬쉬거리며 유명한 #제주도민맛집.🔹️상호:#보리밥과수제비.🔹️아침식사가능단체예약문의 📞064-721-1239.🔹️오전8~오후8시까지 영업     (재료소진시 조기마감).🔹️제주시 가령로 61-1..#제주맛집 #제주도맛집 #제주공항근처맛집 #제주공항맛집 #제주갈치조림맛집 #제주도갈치조림 #제주동문시장맛집 #제주보말칼국수 #보말칼국수맛집 #갈치조림맛집 #제주공항아침식사 #동문시장맛집 #제주시맛집추천 #제주도공항맛집 #제주도갈치맛집 #제주도갈치조림맛집 #제주도보말칼국수 #제주보말칼국수맛집 #제주맛집추천 #탑동맛집 #제주시아침식사 #제주아침맛집 #용두암맛집,2021-08-19,7,,"['#제주가성비맛집', '#보말칼국수', '#제주도민맛집.🔹️상호:', '#보리밥과수제비.🔹️아침식사가능단체예약문의', '#제주맛집', '#제주도맛집', '#제주공항근처맛집', '#제주공항맛집', '#제주갈치조림맛집', '#제주도갈치조림', '#제주동문시장맛집', '#제주보말칼국수', '#보말칼국수맛집', '#갈치조림맛집', '#제주공항아침식사', '#동문시장맛집', '#제주시맛집추천', '#제주도공항맛집', '#제주도갈치맛집', '#제주도갈치조림맛집', '#제주도보말칼국수', '#제주보말칼국수맛집', '#제주맛집추천', '#탑동맛집', '#제주시아침식사', '#제주아침맛집', '#용두암맛집']"
#감자달걀샐러드후추 팍팍 😆#취미생활 #집돌이 #집순이#전주맛집 #전주여행 #완주맛집#성산맛집 #구좌맛집 #종달리맛집 #제주여행 #서귀포여행 #제주한달살기#제주혼자여행 #제주도맛집#전주가볼만한곳 #서귀포맛집 #제주가볼만한곳 #서귀포가볼만한곳#전주카페 #완주카페 #제주카페 #서귀포카페 #제주맛집 #서귀포맛집 #제주맛집추천 #서귀포맛집추천,2021-08-19,15,,"['#감자달걀샐러드후추', '#취미생활', '#집돌이', '#집순이', '#전주맛집', '#전주여행', '#완주맛집', '#성산맛집', '#구좌맛집', '#종달리맛집', '#제주여행', '#서귀포여행', '#제주한달살기', '#제주혼자여행', '#제주도맛집', '#전주가볼만한곳', '#서귀포맛집', '#제주가볼만한곳', '#서귀포가볼만한곳', '#전주카페', '#완주카페', '#제주카페', '#서귀포카페', '#제주맛집', '#서귀포맛집', '#제주맛집추천', '#서귀포맛집추천']"
"너무 피곤해서 더 이상은 못 하겠어서제주시로 이사온 기념으로 배달음식 시켜보기,제주 내려와서 처음으로 배달시켜봄,원래 배달음식,인스턴트 못 먹는데 큰맘먹고배달의 민족 어플도 깔고 첫주문 성공!!!!이제 3년차로 접어드니까 뭔가 기분이몽글몽글하면서 나름 잘 지내고 있는거같다,앞으로 더 잘 지내도록 노력하고 더 부지런히홍길순이 되어서 제대로 뿌셔보자!!!😊😊오늘밤 너무 편하게 기분좋게 좋은꿈과 함께잘수 있을거 같다, 🧡💚❤️.#제주도 #오라동 #정실마을 #이사첫날#스쿨푸드 #제주에서첫배달음식#일상 #데일리그램 #제주도민일상 #제주라이프 #제주도맛집 #제주도핫플#육지것제주살이 #제주살이 #제주도디저트 #좋아요 #소통해요 #선팔맞팔환영 #dailygram #like4follow #today #liked",2021-08-19,14,,"['#제주도', '#오라동', '#정실마을', '#이사첫날', '#스쿨푸드', '#제주에서첫배달음식', '#일상', '#데일리그램', '#제주도민일상', '#제주라이프', '#제주도맛집', '#제주도핫플', '#육지것제주살이', '#제주살이', '#제주도디저트', '#좋아요', '#소통해요', '#선팔맞팔환영', '#dailygram', '#like4follow', '#today', '#liked']"
한 입베어무는 순간 어깨춤이 저절로 나오는바다해찬의 전복구이! 입안에서도 전복들이 춤을 추는 느낌! 너무 맛있자나아!...#협재맛집추천#애월맛집추천#협재맛집#한림맛집#애월맛집#제주맛집바다해찬#서귀포맛집#제주도맛집#한림맛집추천#제주도민맛집,2021-08-19,1,,"['#협재맛집추천', '#애월맛집추천', '#협재맛집', '#한림맛집', '#애월맛집', '#제주맛집바다해찬', '#서귀포맛집', '#제주도맛집', '#한림맛집추천', '#제주도민맛집']"
제주도 먹부림21.유지니생일삼겹살파티제주도 돼지고기 최고… 2.칰킨칰킨 여기도 칰킨맛집인데…3.셋이서 메뉴 하나씩 시켜서 먹어보기4.제주도 삼겹살 진짜 최고야 서울와서 돼지고기 생각이 안남ㅎ 5.해물라면은 짰당 6.회가서쪽에서뜨겠네 고등어회 마싯음 7.피즈버거 마싯었움..8.제주도1단계 시절 ㅋ 즐거웠었듀....#일상#데일리#여니용#꾸르르#먹부림#먹스타그램#맛스타그램#제주도#제주도추억#맛난거마니먹고다녓네#애월맛집#제주도맛집#회가서쪽에서뜨겠네#피즈버거#제주도돼지고기최고#트라이던트#트라이던트애월#치킨맛집,2021-08-19,10,,"['#일상', '#데일리', '#여니용', '#꾸르르', '#먹부림', '#먹스타그램', '#맛스타그램', '#제주도', '#제주도추억', '#맛난거마니먹고다녓네', '#애월맛집', '#제주도맛집', '#회가서쪽에서뜨겠네', '#피즈버거', '#제주도돼지고기최고', '#트라이던트', '#트라이던트애월', '#치킨맛집']"
"⠀제주에서도 최상급 흑돼지를제주 전통방식으로 부드럽고 쫀득하게삶아낸 교래퐁낭의 돔베고기입니다^^⠀제주 잔치음식에 나갈때 처럼살짝 투박하게 썰어진 돔베고기라서식감도 느낌도 더 특별하답니다.⠀오래된 제주 전통음식 전문점,도민들이 더 많이 찾는 도민맛집,교래퐁낭 많이 찾아주세요^^ 감사합니다~⠀[교래퐁낭]· 전화 : 064-782-9699· 주소 : 제주시 조천읍 남조로 1773 (교래리 232)· 메뉴 : 정식,돔베고기,갈치조림,전복뚝배기⠀#교래퐁낭#교래리맛집 #에코랜드맛집#사려니숲길맛집 #산굼부리맛집",2021-08-19,40,,"['#교래퐁낭', '#교래리맛집', '#에코랜드맛집', '#사려니숲길맛집', '#산굼부리맛집']"
제주 술집 픽미펍 재미있게 놀수 있는 술집.#픽미펍클럽...#제주도클럽#제주클럽#월정리클럽#제주도술집#제주술집#월정리술집#제주도술집#제주도펍#제주펍#월정리펍#월정리맛집#제주월정리맛집#제주도맛집#제주맛집#성산일출봉맛집#서귀포맛집#제주가볼만한곳#제주도술집픽미펍클럽,2021-08-19,2,,"['#픽미펍클럽...', '#제주도클럽', '#제주클럽', '#월정리클럽', '#제주도술집', '#제주술집', '#월정리술집', '#제주도술집', '#제주도펍', '#제주펍', '#월정리펍', '#월정리맛집', '#제주월정리맛집', '#제주도맛집', '#제주맛집', '#성산일출봉맛집', '#서귀포맛집', '#제주가볼만한곳', '#제주도술집픽미펍클럽']"
참치오마카세젓가락 너무탐난다..한국에선 못구한다느누ㅜ젓가락흥정실패 백김치는 여전히 쵝오💕--#참치오마카세 #daily #dinner #yolo #타카스파클링준마이혼나마 #여름시즌 #사케 #맛있다 #의미없다 #goodnight #제주도맛집,2021-08-19,22,,"['#참치오마카세', '#daily', '#dinner', '#yolo', '#타카스파클링준마이혼나마', '#여름시즌', '#사케', '#맛있다', '#의미없다', '#goodnight', '#제주도맛집']"
이!랴!🐎______#포항pt#레이바디스쿨 #바디프로필촬영 #엉짱녀 #포항피티#제주도 #엉덩이운동 #영일대해수욕장 #맞팔#바디프로필 #제주도여행 #몸스타그램 #다이어트자극 #데일리#포항#제주도맛집 #바디프로필준비 #바디프로필 #다이어트 #헬스트레이너 #오지힐제주 #운동녀#제주도카페 #헬스#포항핫플 #운동스타그램#이동맛집 #이동피티 #운동하는여자 #포항맛집,2021-08-19,100,,"['#포항pt', '#레이바디스쿨', '#바디프로필촬영', '#엉짱녀', '#포항피티', '#제주도', '#엉덩이운동', '#영일대해수욕장', '#맞팔', '#바디프로필', '#제주도여행', '#몸스타그램', '#다이어트자극', '#데일리', '#포항', '#제주도맛집', '#바디프로필준비', '#바디프로필', '#다이어트', '#헬스트레이너', '#오지힐제주', '#운동녀', '#제주도카페', '#헬스', '#포항핫플', '#운동스타그램', '#이동맛집', '#이동피티', '#운동하는여자', '#포항맛집']"
"우리오빠가 먹고 싶다는,제주도 올래국수를 먹으러왔다. 후아 😋맛이 국수도 김치도 MSG 의 맛.ㅎㅎㅎㅎㅎ아주 자극적인 맛.😗양도 많고, 계속 땡긴다.ㅋㅋㅋㅋㅋㅋㅋㅋㅋㅋㅋ뭐지 ㅋㅋㅋㅋㅋ남포동 돌고래 순두부집에조미료 맛이 듬뿍 난다 ㅋㅋ끌리는 맛 ㅋㅋㅋㅋㅋ와….사람이 너무 많다.대기 20분 기다림.🤪#제주도맛집#올래국수#제주도#강산들#산들먹방#어린이먹방",2021-08-19,6,,"['#제주도맛집', '#올래국수', '#제주도', '#강산들', '#산들먹방', '#어린이먹방']"
돔베고기 수육 입에 넣는 순간 녹아서 사라짐 ㅋㅋㅋㅋ 느끼하지도 않고 고소해서 너무 맛있게 먹음!!!#먹돌#제주도맛집 #제주맛집 #제주공항근처맛집 #제주도여행 #제주도고기국수 #제주도고기국수클라스#제주도민맛집 #제주도도민맛집 #제주여행코스 #서귀포가볼만한곳 #서귀포여행 #서귀포맛집 #제주시맛집,2021-08-19,3,,"['#먹돌', '#제주도맛집', '#제주맛집', '#제주공항근처맛집', '#제주도여행', '#제주도고기국수', '#제주도고기국수클라스', '#제주도민맛집', '#제주도도민맛집', '#제주여행코스', '#서귀포가볼만한곳', '#서귀포여행', '#서귀포맛집', '#제주시맛집']"
🍜👍🏻💛💛💛제주도에서 제일 맛났던!#food #noodles #tastyfood #tasty ##travelphotography #travel #travelgram #jeju #jejuisland #제주도 #제주맛집 #제주도여행 #제주 #제주도맛집 #제주가볼만한곳 #고기국수 #고기국수맛집 #맛집 #맛스타그램 #여행 #국내여행 #여행지추천 #여행스타그램,2021-08-19,14,,"['#food', '#noodles', '#tastyfood', '#tasty', '#travelphotography', '#travel', '#travelgram', '#jeju', '#jejuisland', '#제주도', '#제주맛집', '#제주도여행', '#제주', '#제주도맛집', '#제주가볼만한곳', '#고기국수', '#고기국수맛집', '#맛집', '#맛스타그램', '#여행', '#국내여행', '#여행지추천', '#여행스타그램']"
"☀제주의 멋과 맛을 모두 즐기시고 싶다면➩✨제주여행의 후회없는 선택➀제주공항 근처 바닷가 바로 앞 풍경맛집➁해녀가 직접 채집하는제주보말, 제주돼지, 제주비트를 재료로 하는 건강맛집 [한라진칼국수]입니다.✅OPEN 9:00✅CLOSE 16:00✅매주 월요일 정기휴무✈제주시 테우해안로32☏TEL 064.711.8525#한라진칼국수 #제주맛집 #제주맛집추천 #제주도맛집 #제주도맛집추천 #제주공항맛집 #제주공항근처맛집 #보말칼국수 #보말칼국수맛집 #제주보말칼국수 #제주보말칼국수맛집 #돔베고기 #제주가족여행 #제주데이트 #제주점심 #제주도민맛집 #이호테우해변맛집 #애월맛집 #애월해안도로맛집 #제주오션뷰맛집 #함덕맛집 #성산일출봉맛집 #협재맛집 #곽지맛집 #한담맛집 #한림맛집 #제주도여행 #제주여행 #제주핫플 #제주아침식사",2021-08-19,5,,"['#한라진칼국수', '#제주맛집', '#제주맛집추천', '#제주도맛집', '#제주도맛집추천', '#제주공항맛집', '#제주공항근처맛집', '#보말칼국수', '#보말칼국수맛집', '#제주보말칼국수', '#제주보말칼국수맛집', '#돔베고기', '#제주가족여행', '#제주데이트', '#제주점심', '#제주도민맛집', '#이호테우해변맛집', '#애월맛집', '#애월해안도로맛집', '#제주오션뷰맛집', '#함덕맛집', '#성산일출봉맛집', '#협재맛집', '#곽지맛집', '#한담맛집', '#한림맛집', '#제주도여행', '#제주여행', '#제주핫플', '#제주아침식사']"
제주도 구좌읍에 위치해 있는 “그릉그릉 파스타”사장님이 한 분께서 혼자 조리하시고 주문 받으신다. 매장에서 또는 전화로 예약해서 사장님께 전화가 오면 주문 가능귀여운 고양이 티라미수는 후식! 솔직히 사진으로 봤을 땐 양이 꽤 되는 줄 알았는데 직접 가서 보니 소주 잔 두 컵 양 정도?-#food #foodstagram #foodporn #foodie #foodphotography #foodblogger #foodstyling #foodpics #foodpic #foodlover #pasta #korea #jeju#follow #followme #fff #friends #음식 #제주도맛집 #제주도맛집추천#맛집추천 #맛집 #제주도 #파스타 #파스타맛집 #푸드스타그램#맞팔 #맞팔해요 #맞팔환영 #맞팔선팔환영,2021-08-19,12,,"['#food', '#foodstagram', '#foodporn', '#foodie', '#foodphotography', '#foodblogger', '#foodstyling', '#foodpics', '#foodpic', '#foodlover', '#pasta', '#korea', '#jeju', '#follow', '#followme', '#fff', '#friends', '#음식', '#제주도맛집', '#제주도맛집추천', '#맛집추천', '#맛집', '#제주도', '#파스타', '#파스타맛집', '#푸드스타그램', '#맞팔', '#맞팔해요', '#맞팔환영', '#맞팔선팔환영']"
오랜만에 맛집 소개로 찾아왔어요~제주 와서 우연히 알게 된 곳인데 진짜 만족스러웠어요그래서 가게 이름도 만족한상회인건가? ㅋㅋ#만족한상회#중문맛집.....#제주맛집추천#서귀포맛집#서귀포시맛집#제주도맛집#중문맛집만족한상회#중문갈치구이#제주도민맛집#제주여행코스,2021-08-19,저 좋아요를 눌러보세,,"['#만족한상회', '#중문맛집.....', '#제주맛집추천', '#서귀포맛집', '#서귀포시맛집', '#제주도맛집', '#중문맛집만족한상회', '#중문갈치구이', '#제주도민맛집', '#제주여행코스']"
"마지막 사진이 젤 맘에두루💙주말 오픈될 ,nEw bAg한정수량 세일가 진행될 제품 -주말에 만나윰 👶🏻",2021-08-19,s2_님 외 50명이 좋아합니,,[]
오징어 대존맛👍🏻넘나 어촌스러운것..😍#목화휴게소,2021-08-19,33,,['#목화휴게소']
"⠀교래퐁낭의비법 양념장이 듬뿍 들어간제주갈치조림!!! 정말 맛있답니다~⠀이효리님 커플도너무나 좋아하는 교래퐁낭 갈치조림!!⠀에코랜드와 사려니숲길,교래자연휴양림, 산굼부리와 가까운,제주 정식 전문점 교래퐁낭 많이 찾아주세요^^⠀[교래퐁낭]· 전화 : 064-782-9699· 주소 : 제주시 조천읍 남조로 1773 (교래리 232)· 메뉴 : 정식,돔베고기,갈치조림,전복뚝배기⠀#교래퐁낭#교래리맛집 #에코랜드맛집#사려니숲길맛집 #산굼부리맛집",2021-08-19,35,,"['#교래퐁낭', '#교래리맛집', '#에코랜드맛집', '#사려니숲길맛집', '#산굼부리맛집']"
🔖고급 퀄리티 제품 으로만 보여드릴게요🔖이미지가 동일해서 같은 퀄리티 제품 아니에요🎀디올__이벤트ing🎀👸🏻상세사진은 개인카톡으로 문의주세요👸🏻◻️퀄리티가 남다른 프리미엄 급만 취급◻️티나는 제품을 취급자체를 하지 않습니다◻️확실한 제품으로 보내드립니다◼️문의 - 카톡 ID : jm010 [디엠❌]◼️배송은 7일 - 14일 소요 되세요#소통 #먹스타그램 #데일리룩 #임산부그램 #육아소통 #맘소통 #가을코디 #미용인그램 #데이트룩 #여행룩 #가로수길맛집 #홍대맛집 #압구정카페 #대구맛집 #앞산맛집 #센텀카페 #남포동맛집 #제주도맛집 #디올 #디올신발 #디올신발신상 #디올신발추천 #디올오블리크스니커즈 #디올캔버스로우탑 #디올캔버스스니커즈 #디올로우탑 #디올스니커즈 #디올운동화 #디올신상 #디올추천,2021-08-19,2,,"['#소통', '#먹스타그램', '#데일리룩', '#임산부그램', '#육아소통', '#맘소통', '#가을코디', '#미용인그램', '#데이트룩', '#여행룩', '#가로수길맛집', '#홍대맛집', '#압구정카페', '#대구맛집', '#앞산맛집', '#센텀카페', '#남포동맛집', '#제주도맛집', '#디올', '#디올신발', '#디올신발신상', '#디올신발추천', '#디올오블리크스니커즈', '#디올캔버스로우탑', '#디올캔버스스니커즈', '#디올로우탑', '#디올스니커즈', '#디올운동화', '#디올신상', '#디올추천']"
.막 찍어도 화보 같은 월정리 카페 콧수염고객님의 멋진 사진 감사합니다 🤳제주시 구좌읍 해맞이해안로 406 카페콧수염070-4131-8880예쁜 사진 남겨주셔서 감사합니다 🌷방문해주신 모든 분들께 감사드립니다#제주맛집 #애월맛집 #성산맛집 #제주월정리 #제주도맛집 #제주도마카롱 #제주카페투어 #월정리해수욕장 #제주도선물 #성산일출봉맛집 #월정리 #서귀포카페 #성산카페 #제주도 #제주월정리카페 #제주동쪽카페 #월정리콧수염 #월정리카페 #제주도기념품 #제주카페추천 #제주 #제주도카페 #제주피크닉 #제주도민맛집 #제주카페 #제주시카페 #구좌읍 #월정리카페콧수염 #서귀포맛집 #월정리맛집,2021-08-19,1,,"['#제주맛집', '#애월맛집', '#성산맛집', '#제주월정리', '#제주도맛집', '#제주도마카롱', '#제주카페투어', '#월정리해수욕장', '#제주도선물', '#성산일출봉맛집', '#월정리', '#서귀포카페', '#성산카페', '#제주도', '#제주월정리카페', '#제주동쪽카페', '#월정리콧수염', '#월정리카페', '#제주도기념품', '#제주카페추천', '#제주', '#제주도카페', '#제주피크닉', '#제주도민맛집', '#제주카페', '#제주시카페', '#구좌읍', '#월정리카페콧수염', '#서귀포맛집', '#월정리맛집']"
제주도 올때마다 항상 들리는 곳 ! 타르트로 시작하깅 ~~~일일일타르해야징 ㅎㅎㅎ 행복해!!#제주도카페#제주도맛집 #제주핫플 #제주공항근처카페 #jeju#jejudo #제주타르트 #제주맛집 #제주카페#타르트맛집 #제주도여행 #제주공항카페 #섬타르#제주선물 #제주카페투어 #제주섬타르왔어요#제주도카페추천 #제주도타르트#제주도카페맛집#제주시카페#제주공항근처맛집#제주도여행#좋아요맞팔#좋아요테러반사#좋아요100#댓글반사#댓글은맞팔#맞팔은댓글,2021-08-19,8,,"['#제주도카페', '#제주도맛집', '#제주핫플', '#제주공항근처카페', '#jeju', '#jejudo', '#제주타르트', '#제주맛집', '#제주카페', '#타르트맛집', '#제주도여행', '#제주공항카페', '#섬타르', '#제주선물', '#제주카페투어', '#제주섬타르왔어요', '#제주도카페추천', '#제주도타르트', '#제주도카페맛집', '#제주시카페', '#제주공항근처맛집', '#제주도여행', '#좋아요맞팔', '#좋아요테러반사', '#좋아요100', '#댓글반사', '#댓글은맞팔', '#맞팔은댓글']"
"⠀조천읍 교래리에 있는교래퐁낭은 돔베고기 정식으로유명한 오래된 도민맛집입니다.⠀부드럽게 삶아낸 제주식 돔베고기와짭쪼름 맛있는 멜조림, 구수한 된장국,제철 쌈채소와 매일 새로운 밑반찬까지푸짐하게 차려져 나오는 퐁낭정식이 대표메뉴입니다.⠀갈치조림과 갈치구이, 옥돔구이,성게미역국, 전복뚝배기, 몸국, 갈치국 등제주 전통음식들도 모두 맛있게 드실 수가 있답니다.⠀에코랜드와 사려니숲길,교래자연휴양림, 산굼부리와 가까운,제주 정식 전문점 교래퐁낭 많이 찾아주세요^^⠀[교래퐁낭]· 전화 : 064-782-9699· 주소 : 제주시 조천읍 남조로 1773 (교래리 232)· 메뉴 : 정식,돔베고기,갈치조림,전복뚝배기⠀#교래퐁낭#교래리맛집 #에코랜드맛집#사려니숲길맛집 #산굼부리맛집",2021-08-19,30,,"['#교래퐁낭', '#교래리맛집', '#에코랜드맛집', '#사려니숲길맛집', '#산굼부리맛집']"
분위기 좋은 카페를 찾았다👍,2021-08-19,31,,[]
저녁 뭐먹을지 생각,2021-08-19,30,,[]
여기 짱이다..,2021-08-19,29,,[]
페라리를 탔다,2021-08-19,51,,[]
페라리타고 드라이브 중,2021-08-19,38,,[]
그늘진곳으로 !,2021-08-19,44,,[]
"🌴미영이네🌴♒︎♒︎♒︎♒︎♒︎♒︎♒︎♒︎♒︎♒︎♒︎♒︎♒︎♒︎♒︎♒︎♒︎♒︎♒︎♒︎♒︎♒︎♒︎♒︎♒︎🐟고등어회+탕 大 70,000🐟고등어구이 13,000♒︎♒︎♒︎♒︎♒︎♒︎♒︎♒︎♒︎♒︎♒︎♒︎♒︎♒︎♒︎♒︎♒︎♒︎♒︎♒︎♒︎♒︎♒︎♒︎♒︎7월에 가족여행으로 제주도를 다녀왔어요!여행 중 베스트푸드 ! #찐맛집 #미영이네 #고등어회 소개해드립니다๑'ٮ'๑드시는 방법은 세가지 ! 1️⃣ 고등어회를 쌈장에 찍어 회 본연의 맛을 느낀다2️⃣ 생김 위에 양념밥을 올리고 회를 올려 먹는다 (취향껏 마늘+고추 또는 쌈장을 올린다)3️⃣ 생김 위에 야채양념장과 회를 올려 먹는다크으,,, 대박,,, 양념장이 진짜 대박이에요,,,d=(´▽｀)우선 고등어회 절.대 전.혀 네.버 비리지 않아요저번에 먹었던 고등어회는 비려서 실망했는데여기는 두툼하고 생긴것도 곱고 에쁜것이.. 비리지도 않아.. 이래서 미영이네 미영이네 하나봐요ヾ(◍’౪`◍)ﾉﾞ♡저는 김이랑 싸 먹는 것을 좋아해서2,3 위주로 뚝딱 해치워 버렸어요 ㅋㅋㅋ가족들도 너무 만족스러워하면서 먹다보니 순.삭그렇게 기다리던 #고등어구이 도 나오고 (조금 탔다며,, 공짜로 받았슴돠 헿)고등어구이도 진짜 너무 부들부들.. (๑❛ڡ❛๑)☆텁텁하지 않은 고등어는 인생처음이었어요고등어구이까지 먹고 탕이 준비되어 마무리 하였습니당개인적으로 #고등어탕 은 제 취향이 아니었어요..ㅎㅎ⚠️워낙 핫플이라 대기가 길 수도 있어요!저는 17:00쯤 갔는데 대기 2팀 정도 있더라구요늦게가면 재료소진으로 일찍 마감하는 경우도 있으니, 일찍가세용! (‘•̀ ▽ •́ )φ♒︎♒︎♒︎♒︎♒︎♒︎♒︎♒︎♒︎♒︎♒︎♒︎♒︎♒︎♒︎♒︎♒︎♒︎♒︎♒︎♒︎♒︎♒︎♒︎♒︎♒︎♒︎♒︎♒︎♒︎♒︎♒︎📍#미영이네➪ 제주도 서귀포시 대정읍 하모항구로42➪ 11:30-22:00➪ 라스트오더 20:30(재료 소진 시 조기마감)➪ 매월 둘째, 넷째주 수요일 휴무♒︎♒︎♒︎♒︎♒︎♒︎♒︎♒︎♒︎♒︎♒︎♒︎♒︎♒︎♒︎♒︎♒︎♒︎♒︎♒︎♒︎♒︎♒︎♒︎♒︎♒︎♒︎♒︎♒︎♒︎♒︎♒︎",2021-08-19,192,,"['#찐맛집', '#미영이네', '#고등어회', '#고등어구이', '#고등어탕', '#미영이네➪']"
제주도에서의 마지막 식사 공항가는 길에 해녀의집 제주도에서 해녀의집 한번도 안갔는데 전복죽 맛집이라규 해서 머금 ! 전복죽 짱맛탱 … 완죽 하고 서울 올라감 ㅋ 후식은 제주도 바다보면서 제주에일 한잔 😋공항까지 데려다 주셔서 감사합니다 🙂....#일상#데일리#먹스타그램#맛스타그램#여니용#꾸르르#제주도#제주도한달살이#제주도맛집#제주도애월맛집#제주도해녀의집#해녀의집#전복죽맛집#해녀의집전복죽#전복죽#산낙지#제주에일#안녕제주#즐거웠어,2021-08-19,21,,"['#일상', '#데일리', '#먹스타그램', '#맛스타그램', '#여니용', '#꾸르르', '#제주도', '#제주도한달살이', '#제주도맛집', '#제주도애월맛집', '#제주도해녀의집', '#해녀의집', '#전복죽맛집', '#해녀의집전복죽', '#전복죽', '#산낙지', '#제주에일', '#안녕제주', '#즐거웠어']"
제주도 흑돼지 🐷🐽고기는 사랑이야 🤍❤,2021-08-19,27,,[]
#카페더라이트제주도 역시 멋진 카페가 많네요....#제주도맛집#제주맛집#성산일출봉카페#제주성산카페#라이트스윙#lightswing#제주도카페#제주카페#제주도카페더라이트#제주카페추천#성산일출봉맛집#섭지코지카페#섭지코지맛집#서귀포카페,2021-08-19,저 좋아요를 눌러보세,,"['#카페더라이트제주도', '#제주도맛집', '#제주맛집', '#성산일출봉카페', '#제주성산카페', '#라이트스윙', '#lightswing', '#제주도카페', '#제주카페', '#제주도카페더라이트', '#제주카페추천', '#성산일출봉맛집', '#섭지코지카페', '#섭지코지맛집', '#서귀포카페']"
제주도 가족여행#제주분식아이들도 좋아하고 부모님들도 넘 맛있게 잘 드셨어요^^..제주분식 (영업시간 10:00~16:00 )주소 : 제주 제주시 귀아랑길 23...#제주맛집#제주도맛집#제주공항맛집#제주도공항근처맛집#연동제주분식#제주노형동맛집#신제주맛집#연동맛집#제주분식맛집#제주도맛집추천,2021-08-19,1,,"['#제주분식아이들도', '#제주맛집', '#제주도맛집', '#제주공항맛집', '#제주도공항근처맛집', '#연동제주분식', '#제주노형동맛집', '#신제주맛집', '#연동맛집', '#제주분식맛집', '#제주도맛집추천']"
오늘은 후딱의 연속🖤~🖤~🖤,2021-08-19,29,,[]
🥲,2021-08-19,70,,[]
새큰이가든 제주도에서 두번이나 먹으러 감 … 한달 알차게 먹고다녓네 수여니 녹두삼계탕 짱맛탱 근ㄷㅔ 여긴 밑반찬이 진짜 … 오빠랑 갓을땐 묵은지 나왔는데 짱짱맛… 두번째 갔을땐 갓김치 나왔는ㄷ ㅔ 나 갓김치 안먹는데 여기껀 머금 … ㅎ 물가 상승으로 16000으로 오른다고 되있었는데 14000원일때 두번 먹고 왓당 ㅎㅋㅎㅋ 먹고싶다 새큰이 가든 생각난다 새큰이가든 … ....#일상#데일리#여니용#꾸르르#맛집#제주도맛집#제주도민맛집#새큰이가든#애월맛집#제주도애월삼계탕맛집#녹두삼계탕#짱맛탱,2021-08-19,10,,"['#일상', '#데일리', '#여니용', '#꾸르르', '#맛집', '#제주도맛집', '#제주도민맛집', '#새큰이가든', '#애월맛집', '#제주도애월삼계탕맛집', '#녹두삼계탕', '#짱맛탱']"
"제주도 여행 첫 식사였던 #위미애머물다 브레이크 타임 몇분 남지 않아서조마조마 했는데,다행히 넘 친절하신사장님께서 완전 맛있는 요리를 해주셨어요🥰뿌팟퐁커리랑 팟타이 먹었는데인테리어부터 분위기, 배경 그리고 맛까지여기가 완전 태국이네요❣️❣️너무 맛있어서아직까지 생각나요😭😭#제주도여행#제주도맛집#먹스타그램#여행스타그램",2021-08-19,29,,"['#위미애머물다', '#제주도여행', '#제주도맛집', '#먹스타그램', '#여행스타그램']"
"#발리못지않은애월펜션 제주도 4단계 되기 전에 다녀온 이번년도 우리부부 여름휴가🤍이번 휴가는 숙소만으로도 너무나 힐링이였던 제주도 여행이었답니다~남편이 골랐는데 완전 칭찬해남편😘😘제주도 숙소와 이번에 성공했던 맛집 차차 공유 해볼게요!📍숙소: 잇츠힐 펜션(애월)-사장님짜앙!매번 모닝커피 제공해주시고 리모델링해서 넘나 깔끔하다능~숙소 안에 미니 수영장과 튜브제공, 해먹까지~성공적이었던 이번 제주도여행 숙소 10점만점에 10점👏👏👏👏👏다시 또 가고싶은 숙소였음😊다음에 제주도 여행가시게되면 여기 정말 추천합니당🤗 맛집은 조만간 또 올려볼게요🤍모두들 좋은 밤 되세요!!",2021-08-19,26,,['#발리못지않은애월펜션']
📍우무이거 먹고싶어서 제주도 또 가고싶다...우뭇가사리로 만들어서 칼로리도 적을것 같다^^귀요미신발은 @stopfuss ♥️ 신발이쁘단 소리 매일 듣는중❤️,2021-08-19,49,,[]
.막 찍어도 화보 같은 월정리 카페 콧수염고객님의 멋진 사진 감사합니다 🤳제주시 구좌읍 해맞이해안로 406 카페콧수염070-4131-8880매일 모든 메뉴 sold-out 되므로 선착순 판매합니다.방문해주신 모든 분들께 감사드립니다#제주카페 #제주애견동반카페 #월정리해변 #제주월정리카페 #성산카페 #제주월정리 #제주피크닉 #제주 #제주맛집 #제주도맛집 #함덕카페 #월정리카페 #제주도기념품 #월정리카페거리 #제주시카페 #제주도선물 #월정리해수욕장 #제주카페추천 #제주해안도로 #월정리 #함덕맛집 #애월맛집 #제주도 #월정리맛집 #세화카페 #제주도카페 #월정리콧수염 #제주도마카롱 #월정리카페콧수염 #서귀포맛집,2021-08-19,저 좋아요를 눌러보세,,"['#제주카페', '#제주애견동반카페', '#월정리해변', '#제주월정리카페', '#성산카페', '#제주월정리', '#제주피크닉', '#제주', '#제주맛집', '#제주도맛집', '#함덕카페', '#월정리카페', '#제주도기념품', '#월정리카페거리', '#제주시카페', '#제주도선물', '#월정리해수욕장', '#제주카페추천', '#제주해안도로', '#월정리', '#함덕맛집', '#애월맛집', '#제주도', '#월정리맛집', '#세화카페', '#제주도카페', '#월정리콧수염', '#제주도마카롱', '#월정리카페콧수염', '#서귀포맛집']"
"제주도 수제버거 맛집으로 유명한 양가형제!연예인들도 많이 다녀간 곳이라 엄청 궁금했음마을회관을 개조한 빈티지한 너낌의 외관이 맘에 들었당웨이팅이 심하다고 들었는데 브레이크 타임 끝나고 얼마 안지나서 그런지 한팀빼고  사람이 없었음ㅋㅋ시그니처 메뉴 양버거 11,500 석버거 9,500어니언링 6,500 그리고 음료를 주문!양버거는 하나만 주문 가능하다고 함주문 후 10분정도 기다리니 메뉴 등장먼저 소고기패티가 더블로 들어간 양버거는쉑쉑보다 훨~씬 맛있었다 패티퀄 굿...깊은 소고기맛 쩔었음👍석버거는 베이컨, 치즈, 머스타드소스가 들어감나는 석버거가 좀 더 내 취향에 맞았다정말 맛있는 옛날 너낌 햄버거를 먹음😘버거번도 직접 만든다는데 부드럽고 고소해서 넘 맛있었음!!!그리고 어니언링....! 크리스피함이 치킨 뺨침진짜 크고 양도 많아서 만족스러웠음!도민 맛집답게 포장해가시는 현지인차들이 많았음ㅋㅋㅋ 운 좋게 웨이팅 없이 먹어서 기분좋았다💗📍양가형제제주시 한경면 청수동8길 3 #양가형제 #제주도수제버거 #제주도맛집#수제버거맛집",2021-08-19,78,,"['#양가형제', '#제주도수제버거', '#제주도맛집', '#수제버거맛집']"
앞이 안보여요 이탄,2021-08-19,64,,[]
"기술력이 참 대단하구나 감탄하며 계속 청소중,😅😅미세먼지 걱정없는 공기청정기 짱 좋다 👍👍.#제주도 #오라동 #정실마을 #이사첫날#다이슨 #다이슨v15 #다이슨퓨어쿨공기청정기 #일상 #데일리그램 #제주도민일상 #제주라이프 #제주도맛집 #제주도핫플#육지것제주살이 #제주살이 #제주도디저트 #좋아요 #소통해요 #선팔맞팔환영 #dailygram #like4follow #today #liked",2021-08-19,13,,"['#제주도', '#오라동', '#정실마을', '#이사첫날', '#다이슨', '#다이슨v15', '#다이슨퓨어쿨공기청정기', '#일상', '#데일리그램', '#제주도민일상', '#제주라이프', '#제주도맛집', '#제주도핫플', '#육지것제주살이', '#제주살이', '#제주도디저트', '#좋아요', '#소통해요', '#선팔맞팔환영', '#dailygram', '#like4follow', '#today', '#liked']"
d,2021-08-19,65,,[]
"☀제주의 멋과 맛을 모두 즐기시고 싶다면➩✨제주여행의 후회없는 선택➀제주공항 근처 바닷가 바로 앞 풍경맛집➁해녀가 직접 채집하는제주보말, 제주돼지, 제주비트를 재료로 하는 건강맛집 [한라진칼국수]입니다.✅OPEN 9:00✅CLOSE 16:00✅매주 월요일 정기휴무✈제주시 테우해안로32☏TEL 064.711.8525#한라진칼국수 #제주맛집 #제주맛집추천 #제주도맛집 #제주도맛집추천 #제주공항맛집 #제주공항근처맛집 #보말칼국수 #보말칼국수맛집 #제주보말칼국수 #제주보말칼국수맛집 #돔베고기 #제주가족여행 #제주데이트 #제주점심 #제주도민맛집 #이호테우해변맛집 #애월맛집 #애월해안도로맛집 #제주오션뷰맛집 #함덕맛집 #성산일출봉맛집 #협재맛집 #곽지맛집 #한담맛집 #한림맛집 #제주도여행 #제주여행 #제주핫플 #제주아침식사",2021-08-19,3,,"['#한라진칼국수', '#제주맛집', '#제주맛집추천', '#제주도맛집', '#제주도맛집추천', '#제주공항맛집', '#제주공항근처맛집', '#보말칼국수', '#보말칼국수맛집', '#제주보말칼국수', '#제주보말칼국수맛집', '#돔베고기', '#제주가족여행', '#제주데이트', '#제주점심', '#제주도민맛집', '#이호테우해변맛집', '#애월맛집', '#애월해안도로맛집', '#제주오션뷰맛집', '#함덕맛집', '#성산일출봉맛집', '#협재맛집', '#곽지맛집', '#한담맛집', '#한림맛집', '#제주도여행', '#제주여행', '#제주핫플', '#제주아침식사']"
"나는 초등학교 때부터 갑각류 알레르기 환자였다. 결혼하고 잠시 괜찮아진듯 했지만 아직도 종종 알레르기 증상들이 올라온다. 주위 사람들이 우스갯소리로 해산물이 들어간 음식을 나에게 먹여보면 해산물의 신선함을 알 수 있겠다는 말을 하곤 했다. 그렇게 L사 새우버거를 걸러냈다.ㅋㅋ오늘 아침으로 갱이국를 먹었다. 겡이국은 조그마한 갱이(게)를 넣어 만든 국으로 제주 현지에서 매우 유명한 음식이다. 그런데 먹고 났더니 머리가 가렵고 수포가 올라오고 온 몸이 붓고 새빨개졌다. 코도 막히고 숨도 쉬지 못하는 증상이 나타났다. 서둘러 약국에서 약을 사다먹었는데 약으론 도저히 안되겠다 싶어서 병원가서 주사맞고 약을 처방받고 나니 금새 괜찮아졌다.갑각류 알레르기가 있다는 것도 알고 있었고, 먹어도 어느정도 감당할만한 증상만 있었는데 오늘은 최고치를 찍었다.그렇다. 이 글은 새로운 형식의 식당 광고다. 갑각류 알레르기 환자가 먹고 병원으로 직행하게 만들 정도로 신선한 재료를 사용하는 식당이 분명하다.서귀포에 위치한 <멘도롱해장국> 추천합니다!!#제주도맛집 #서귀포맛집 #멘도롱해장국 #택시기사맛집#갑각류알레르기환자가먹고병원에갈만큼신선한맛좋은해장국",2021-08-19,16,,"['#제주도맛집', '#서귀포맛집', '#멘도롱해장국', '#택시기사맛집', '#갑각류알레르기환자가먹고병원에갈만큼신선한맛좋은해장국']"
오늘 제주도 마지막날ㅠㅠ마지막 식사는 공항근처 #제주분식 에서 #제주현지인맛집#제주맛집#제주도맛집#제주공항맛집#연동맛집#연동제주분식#제주도공항근처맛집#제주도여행#제주가볼만한곳#노형동맛집,2021-08-19,1,,"['#제주분식', '#제주현지인맛집', '#제주맛집', '#제주도맛집', '#제주공항맛집', '#연동맛집', '#연동제주분식', '#제주도공항근처맛집', '#제주도여행', '#제주가볼만한곳', '#노형동맛집']"
코마사원단으로 제작된 라운드맨투맨💕#일상 #데일리 #데일리룩 #오오티디 #아웃핏 #가을옷 #맨투맨 #라운드맨투맨 #맨투맨코디 #맨투맨추천 #여행 #제주도여행 #제주도맛집 #제주도카페 #서울맛집 #대전맛집 #광주카페 #강원도맛집 #강원도펜션 #경주카페 #황리단길 #황리단길카페 #경주핫플 #캠핑 #캠핑룩 #여행룩 #여친룩 #여친선물추천,2021-08-19,25,,"['#일상', '#데일리', '#데일리룩', '#오오티디', '#아웃핏', '#가을옷', '#맨투맨', '#라운드맨투맨', '#맨투맨코디', '#맨투맨추천', '#여행', '#제주도여행', '#제주도맛집', '#제주도카페', '#서울맛집', '#대전맛집', '#광주카페', '#강원도맛집', '#강원도펜션', '#경주카페', '#황리단길', '#황리단길카페', '#경주핫플', '#캠핑', '#캠핑룩', '#여행룩', '#여친룩', '#여친선물추천']"
#우도해광식당 지난 여행때 처음 먹어보고 너무 맛있어서 이번 제주여행으로 또 옴!!!! 변함없이 맛이 좋구만 ~ #제주보말칼국수#우도맛집#제주도맛집#제주도우도맛집#우도맛집우도해광식당#하고수동맛집#제주맛집#우도여행#제주우도맛집,2021-08-19,2,,"['#우도해광식당', '#제주보말칼국수', '#우도맛집', '#제주도맛집', '#제주도우도맛집', '#우도맛집우도해광식당', '#하고수동맛집', '#제주맛집', '#우도여행', '#제주우도맛집']"
🍊,2021-08-19,73,,[]
와... 개꿀... 간만에 찐맛집!! 계란밥 두공기 박살! 덤으로 뱃살... ㅜ ㅜ,2021-08-19,7,,[]
한 입베어무는 순간 어깨춤이 저절로 나오는바다해찬의 전복구이! 입안에서도 전복들이 춤을 추는 느낌! 너무 맛있자나아!...#협재맛집추천#애월맛집추천#협재맛집#한림맛집#애월맛집#제주맛집바다해찬#서귀포맛집#제주도맛집#한림맛집추천#제주도민맛집,2021-08-19,저 좋아요를 눌러보세,,"['#협재맛집추천', '#애월맛집추천', '#협재맛집', '#한림맛집', '#애월맛집', '#제주맛집바다해찬', '#서귀포맛집', '#제주도맛집', '#한림맛집추천', '#제주도민맛집']"
"⠀#제주브랜딩 #제주맛집🥘난산리 코스요리전문점🥘⠀서귀포 난산리 마을에 새로 오픈한코스요리전문점 난산리키친에 다녀왔어요!⠀식당 건물을 직접 리모델링하실 때부터기대를 잔뜩하고 있었는데,⠀제가 먹는데 진심인 편은 아니지만난산리키친에거 먹었던 ‘당근퓨레치킨’⠀정말... 잊지 못하고... 감동해서 울뻔했잖아요🥲⠀바 테이블에 앉아 플레이팅하는 모습을 감상하고사장님의 재치있는 입담으로 소소하게 대화를 나누고정성스레 준비한 음식을 와인과 함께 맛보다보면⠀어느새 2시간이 넘는 시간이 훌쩍 지나 있더라고요⠀아쉽지만 아쉽지 않았고,정말 많이 웃고 떠들었던 시간을 보낼 수 있었어요⠀음식과 공간에 대한 자세한 후기는블로그에 자세하게 작성해 두었으니 참고하시면 좋을 것 같아요!⠀⠀그리고,난산리큰집에서 일주일간 여름방학을 보내며난산리에서 많은 시간을 보내며 쉬다가 왔어요⠀-난산리큰집 게스트하우스-난산리다방 포트커피 카페-난산리키친 코스요리식당-조아가지구 흑백사진관⠀코로나 4단계가 풀리고 나면 난산리에서소중한 사람들, 새로운 사람들과 함께소소하지만 행복한 시간을 즐겨보는 건 어떠신가요?⠀⠀#8월의제주 #제주도리오늘도 제주를 좋아하는 한 사람이 생기길 바라며제주를 브랜딩하며 여행을 하고 있어요!⠀#난산리키친 @nansan_kitchen📍서귀포시 성산읍 난산로 41번길 38🚗 주차 : 난산로41번길 32🎫 런치 3.5만원 디너 5.5만원(예약제)🥘 당근치킨퓨레 존맛탱 그 자체🍯 2인 바테이블 자리로 예약하시고 와인 추천 받아서 드셔보세요! (화이트 레드 두 잔 시켜서 즐기시는 걸 추천!)⠀𝗣𝗵𝗼𝘁𝗼 𝗜𝗻𝗳𝗼.📸 Sony a7iii / Lightroom⠀⠀ⓒ 2021. 𝘑𝘦𝘫𝘶𝘥𝘰𝘭𝘪 𝘈𝘭𝘭 𝘳𝘪𝘨𝘩𝘵 𝘳𝘦𝘴𝘦𝘳𝘷𝘦𝘥⠀",2021-08-19,101,,"['#제주브랜딩', '#제주맛집🥘난산리', '#8월의제주', '#제주도리오늘도', '#난산리키친']"
행💙복💙,2021-08-19,20,,[]
촤르르한 일자핏 슬랙스🙂강강추!#일상 #데일리 #데일리룩 #오오티디 #아웃핏 #가을옷 #팬츠 #슬랙스 #일자핏 #슬랙스코디 #슬랙스추천 #여행 #제주도여행 #제주도맛집 #제주도카페 #서울맛집 #대전맛집 #광주카페 #강원도맛집 #강원도펜션 #경주카페 #황리단길 #황리단길카페 #경주핫플 #캠핑 #캠핑룩 #여행룩 #여친룩 #여친선물추천,2021-08-19,20,,"['#일상', '#데일리', '#데일리룩', '#오오티디', '#아웃핏', '#가을옷', '#팬츠', '#슬랙스', '#일자핏', '#슬랙스코디', '#슬랙스추천', '#여행', '#제주도여행', '#제주도맛집', '#제주도카페', '#서울맛집', '#대전맛집', '#광주카페', '#강원도맛집', '#강원도펜션', '#경주카페', '#황리단길', '#황리단길카페', '#경주핫플', '#캠핑', '#캠핑룩', '#여행룩', '#여친룩', '#여친선물추천']"
"📍제주 카페만감제주도 여행 기념으로 하멜치즈케이크를 예약해서 가져오려했지만 예약마저 가득차서 돌아오는날 픽업이 불가능했어요😢이런저런 디저트를 검색해보다가 유기농 재료만을 사용해서 만든 바스크 귤 치즈케이크 발견💕솔직히 진짜 완전 강추‼️‼️ 제주 기념품이나 디저트맛집 검색했을때 sns에서 본적이없던 곳이었어요. 아니근데 이럴수가 아침공복에 먹어보고 뿅가가지고 사진 막 부랴부랴찍다보니 퀄리티가 떨어지는점 감안해주세요ㅎㅎ1일 50박스 한정으로 판매하시고, DM으로 예약도 받는다하셔서 바로 예약했더니 친절하게 응대해주셨어요😉포장도 아이스팩이랑같이 보냉백에 이쁘게 포장해주셔서 들고오기도 편했어요! 지인들도 먹어보고 너무 맛있다 칭찬많이들어서 기분이좋네요. 영상처럼 꾸덕하고 초크초크해요 끼야야앙🍊귤 향이 너무 잘나서 풍미도 작렬해요🍊연령상관없이 누구나 좋아하실것 같아서 선물로 강추합니다메뉴. 바스크 귤 치즈케이크1박스 18,000원  유기농 트로피칼 귤 밀크티 6,000원영업시간. am11:00-pm16:00/주말휴뮤위치. 제주특별자치도 제주시 이도일동 동광로 51(네이버참고 ㅎㅎ)DM주문. @mangam_airport새로운 메뉴로 2호점 준비중이라하니 다음 제주여행때 2호점 방문할게요!!",2021-08-19,23,,[]
#난산리식당..오늘 하루도 좋은분들과 함께 대화를 나누고 좋은 시간을 보냈습니다. 계속해서 잘해야 된다는 부담감을 사명감과 책임감으로 이겨내야겠다는 생각이 드는 밤입니다. 많은 대화를 나누며 많은 생각이 들었습니다. 결론은 계속해서 안주하지 않고 고민하고 노력하는것!! 모든분들의 기대감을 실망시키지 않도록 열심히 하겠습니다!!,2021-08-19,36,,['#난산리식당..오늘']
오랜만에 신상카페 오픈날 방문#제주피드 _ #제주도민 #제주도신상카페 #신상카페 #오드싱,2021-08-19,79,,"['#제주피드', '#제주도민', '#제주도신상카페', '#신상카페', '#오드싱']"
아로아로 ~~~~~#제주도 #제주도여행 #제주도맛집 #브라보비치 #우도 #땅콩아이스크림 #하하호호버거 #독고집 #사계해변 #성산맛집,2021-08-19,25,,"['#제주도', '#제주도여행', '#제주도맛집', '#브라보비치', '#우도', '#땅콩아이스크림', '#하하호호버거', '#독고집', '#사계해변', '#성산맛집']"
제주도 집밥🍚....#제주도#집밥#단소,2021-08-19,40,,"['#제주도', '#집밥', '#단소']"
유독 제주스러웠던 공간🍃....#제주#단소,2021-08-19,49,,"['#제주', '#단소']"
제주와서다시오고 싶은집👍예약제도 맘에 들고맛있어서 더 좋았어용큰공 고생햇어👊#일상기록#애월맛집#모아나디쉬#파스타맛집#풍경맛집#누룽지오일파스타#제주바다덮밥#이름도이쁘고#제주도맛집#제주도여행#기록해두기,2021-08-19,8,,"['#일상기록', '#애월맛집', '#모아나디쉬', '#파스타맛집', '#풍경맛집', '#누룽지오일파스타', '#제주바다덮밥', '#이름도이쁘고', '#제주도맛집', '#제주도여행', '#기록해두기']"
@rolla_ny이제 하산하세요 👨🏻‍🏫,2021-08-19,21,,[]
앤트러사이트느긋하게 시간 보낸 곳,2021-08-19,18,,[]
앤트러사이트느긋하게 시간 보낸 곳,2021-08-19,17,,[]
‘제주도 애월 해물라면 맛집🍜’🏷노라바저는 해물라면은 그닥 좋아하진 않아요 근데 제가 유일하게 맛있게 먹는 해물라면집입니다!!! 🥰 제주 애월해안도로를 보며 먹는 한정판 문어라면과 도시락을 먹으면 대박조합이에용 😭 문어는 하나도 안질기고 야들야들.. 전복도 살아있는 상태로 나와서 익혀가요 ㅎㅎ 맵기 선택도 가능한데 중간매운맛으로 먹으면 제 기준엔 딱 맞아요😊 도시락은 안에있는 멸추볶음이 진짜 맛있습니다 ㅋㅋㅋ🥰 제주도 해물라면집 찾으시면 한번가보시는거 추천‼️🏷문어라면세트🏷해물라면세트🏷 제주 제주시 애월읍 구엄길 100#제주도맛집 #애월맛집 #애월맛집추천 #해물라면맛집 #해물라면 #노라바 #노라바해물라면 #라면맛집 #일산맛집 #서울맛집 #전국맛집 #고양맛집 #파주맛집 #먹부림 #먹스타그램 #먹팔해요 #먹팔 #먹팔맞팔 #좋반 #먹부림요정 #먹요정,2021-08-19,52,,"['#제주도맛집', '#애월맛집', '#애월맛집추천', '#해물라면맛집', '#해물라면', '#노라바', '#노라바해물라면', '#라면맛집', '#일산맛집', '#서울맛집', '#전국맛집', '#고양맛집', '#파주맛집', '#먹부림', '#먹스타그램', '#먹팔해요', '#먹팔', '#먹팔맞팔', '#좋반', '#먹부림요정', '#먹요정']"
.많은 영감을 받고온 제주카페투어 ☕️,2021-08-19,54,,[]
#제주#제주도제주#성산#성산일출봉#명단#흑돼지특수부위#화요#한잔#제주도맛집흑돼지맛집👍예약하고가세요😀,2021-08-19,11,,"['#제주', '#제주도제주', '#성산', '#성산일출봉', '#명단', '#흑돼지특수부위', '#화요', '#한잔', '#제주도맛집흑돼지맛집👍예약하고가세요😀']"
제주 이틀째 😊요기 고등어회 완전 싱싱고등어구이 짱맛 !.......#제주도 #제주도맛집 #제주도여행 #대정읍맛집 #미영이네 #고등어회 #휴가 #travel #좋아요 #좋반 #foodie #일상 #먹스타그램 #맛스타그램 #먹팔 #소통 #제주도코로나4단계 #아들챙기느라바쁨 #폰볼정신도없긔#남은3일 #더재밌게놀자 #아진짜행복해😊,2021-08-19,113,,"['#제주도', '#제주도맛집', '#제주도여행', '#대정읍맛집', '#미영이네', '#고등어회', '#휴가', '#travel', '#좋아요', '#좋반', '#foodie', '#일상', '#먹스타그램', '#맛스타그램', '#먹팔', '#소통', '#제주도코로나4단계', '#아들챙기느라바쁨', '#폰볼정신도없긔', '#남은3일', '#더재밌게놀자', '#아진짜행복해😊']"
"구찌 테크니컬 저지 조깅 팬츠ㆍ상품번호 : 89407ㆍ모델번호 : 650041 XJC5O 4030ㆍ소재 : 55% 폴리에스터, 45% 면#구찌팬츠#구찌바지#구찌츄리닝#구찌운동복#루이비통반팔셔츠#공스타#텀블러#성주여행#록시하트#폴꾸그램#뭐입지#토리버치가방#샤넬반팔티#패피#학원#고급빌라인테리어#유머스타그램#염색#개그#이대맛집#톰브라운수트#하조대#제주도맛집#나이키스니커즈#운동하는직장인#귀염댕이#기록#수원역",2021-08-19,저 좋아요를 눌러보세,,"['#구찌팬츠', '#구찌바지', '#구찌츄리닝', '#구찌운동복', '#루이비통반팔셔츠', '#공스타', '#텀블러', '#성주여행', '#록시하트', '#폴꾸그램', '#뭐입지', '#토리버치가방', '#샤넬반팔티', '#패피', '#학원', '#고급빌라인테리어', '#유머스타그램', '#염색', '#개그', '#이대맛집', '#톰브라운수트', '#하조대', '#제주도맛집', '#나이키스니커즈', '#운동하는직장인', '#귀염댕이', '#기록', '#수원역']"
from @dayoung__er #마지막날연돈예약 실패후 근처에서 돈까스집찾기 근데 대기가 ㅠㅠ딴데 갈시간이 없어서 일단 기다리고 먹었는데 다 맛있네 ..#로드129 💛제주산멘치가스성게크림파스타 흑돼지돈까스몽상드애월 도보10분🌴--#애월맛집 #제주 #제주여행 #제주공항 #제주도카페 #애월#점심 #협재해수욕장 #집밥 #이호테우해변 #제주도맛집 #먹방 #동문시장 #제주도돈까스 #제주도여행 #road129 #곽지해변 #협재해변,2021-08-19,21,,"['#마지막날연돈예약', '#로드129', '#애월맛집', '#제주', '#제주여행', '#제주공항', '#제주도카페', '#애월', '#점심', '#협재해수욕장', '#집밥', '#이호테우해변', '#제주도맛집', '#먹방', '#동문시장', '#제주도돈까스', '#제주도여행', '#road129', '#곽지해변', '#협재해변']"
..오늘 하루도 리브와일드를 찾아주시고 좋아해주셔서 감사합니다..요즘은 하루하루 손님들과의 재미난 대화에 10시에 영업을 종료해야하는 것이 너무 아쉬워지는 나날입니다..오늘도 아름다운 밤 되세요☺️.......#제주도맛집 #한림맛집 #협재맛집 #제주도밥집 #한림밥집 #협재밥집 #금능밥집 #애월밥집 #제주도술집 #한림술집 #협재술집 #금능술집 #애월술집 #제주칵테일 #협재바 #한림바 #금능바 #제주여행 #협재분위기좋은곳 #협재핫플 #리브와일드 #협재리브와일드 #leavewild #제주 #제주도 #jeju #협재 #애월,2021-08-19,19,,"['#제주도맛집', '#한림맛집', '#협재맛집', '#제주도밥집', '#한림밥집', '#협재밥집', '#금능밥집', '#애월밥집', '#제주도술집', '#한림술집', '#협재술집', '#금능술집', '#애월술집', '#제주칵테일', '#협재바', '#한림바', '#금능바', '#제주여행', '#협재분위기좋은곳', '#협재핫플', '#리브와일드', '#협재리브와일드', '#leavewild', '#제주', '#제주도', '#jeju', '#협재', '#애월']"
오늘도 불태워뜨아❤️‍🔥,2021-08-19,113,,[]
#나도먹어봤다 #양치사탕 이라고 들어는 보았는가!-#제주 에서 핫한 #써니의놀이터 의 #자이리톨사탕 솔이가 엄마 양치 사탕 사탕 타령을 해서오늘 다녀왔다♡ -양치후에도 사탕을 먹을수 있다니! 신통방통♡ 색도 이뿌고 맛도 좋고 달지도 않고 내가 다 먹을까봐 ㅋㅋㅋ 걱정이지만... -하나는 조카들 선물 하나는 솔이친구야 선물 하나는 우리 솔이거♡ 다 먹으면 또 사러가자!! -늘 건강한 음식 만들어 줘서 고마워요!--#제주도카페 #제주도맛집 #예약필수 #아이간식,2021-08-19,14,,"['#나도먹어봤다', '#양치사탕', '#제주', '#써니의놀이터', '#자이리톨사탕', '#제주도카페', '#제주도맛집', '#예약필수', '#아이간식']"
.빨주노초파보 🌈쫀득쫀득 꼬끄에 맛있는 필링🤤✨월정 바다와 함께일 때 더 빛이 나는 무지개 수카롱 ❤️🧡💛💚💙💜제주시 구좌읍 해맞이해안로 406 카페콧수염070-4131-8880방문해주신 모든 분들께 감사드립니다예쁜 사진 남겨주셔서 감사합니다 🌷#제주동쪽카페 #월정 #월정리 #성산맛집 #제주카페 #서귀포맛집 #월정리콧수염 #제주시카페 #구좌읍맛집 #서귀포카페 #제주마카롱맛집 #월정리카페 #제주애견동반 #성산일출봉맛집 #월정리맛집 #제주도맛집 #애월맛집 #함덕해수욕장 #성산카페 #월정리카페콧수염 #제주맛집 #제주도마카롱 #제주월정리 #제주도민맛집 #제주애견동반카페 #제주월정리카페 #제주도 #제주도카페 #제주 #제주카페추천,2021-08-19,2,,"['#제주동쪽카페', '#월정', '#월정리', '#성산맛집', '#제주카페', '#서귀포맛집', '#월정리콧수염', '#제주시카페', '#구좌읍맛집', '#서귀포카페', '#제주마카롱맛집', '#월정리카페', '#제주애견동반', '#성산일출봉맛집', '#월정리맛집', '#제주도맛집', '#애월맛집', '#함덕해수욕장', '#성산카페', '#월정리카페콧수염', '#제주맛집', '#제주도마카롱', '#제주월정리', '#제주도민맛집', '#제주애견동반카페', '#제주월정리카페', '#제주도', '#제주도카페', '#제주', '#제주카페추천']"
제주도 여름휴가 셋째날👍제주도 일기예보 어떻게 된거지.?비안오고 오늘도 하늘이 너무너무맑다🤩오늘 아침은 #제주도한정식 맛집 #단소 일찍 갔다고 갔는데 대기만 한시간..그래도 깔끔하고 집밥처럼 정말 맛있었다! 완전 추천👏소화시킬겸 #제주도노형수퍼마켙 구경!#날씨요정 #주차요정 #에어드롭 #제주도여행 #제주도맛집 #먹스타그램 #친구랑여행 #제주도실내관광지 #제주도박물관 #노형수퍼마켙,2021-08-19,12,,"['#제주도한정식', '#단소', '#제주도노형수퍼마켙', '#날씨요정', '#주차요정', '#에어드롭', '#제주도여행', '#제주도맛집', '#먹스타그램', '#친구랑여행', '#제주도실내관광지', '#제주도박물관', '#노형수퍼마켙']"
"핫플은 일단 방문부터 하는 성격인데 ,방문하길 진짜 잘했다 ㅋㅋㅋ 일단 맛있다고 소문나면 먹고 봐야함 #제주도맛집꺼멍연탄구이#제주도맛집 #신화월드맛집 #오설록맛집 #카멜리아힐맛집 #한경면맛집 #제주도흑돼지맛집 #송악산맛집 #산방산맛집 #오설록티뮤지엄 #제주신화월드메리어트 #제주신화월드 #제주도현지인맛집 #제주현지인맛집 #제주도가볼만한곳 #제주도여행 #저지리맛집",2021-08-19,1,,"['#제주도맛집꺼멍연탄구이', '#제주도맛집', '#신화월드맛집', '#오설록맛집', '#카멜리아힐맛집', '#한경면맛집', '#제주도흑돼지맛집', '#송악산맛집', '#산방산맛집', '#오설록티뮤지엄', '#제주신화월드메리어트', '#제주신화월드', '#제주도현지인맛집', '#제주현지인맛집', '#제주도가볼만한곳', '#제주도여행', '#저지리맛집']"
흐렸지만 흐린 나름대로,2021-08-19,30,,[]
손톱 물 다들었네ㅡㅡ,2021-08-19,187,,[]
"☀제주의 멋과 맛을 모두 즐기시고 싶다면➩✨제주여행의 후회없는 선택➀제주공항 근처 바닷가 바로 앞 풍경맛집➁해녀가 직접 채집하는제주보말, 제주돼지, 제주비트를 재료로 하는 건강맛집 [한라진칼국수]입니다.✅OPEN 9:00✅CLOSE 16:00✅매주 월요일 정기휴무✈제주시 테우해안로32☏TEL 064.711.8525#한라진칼국수 #제주맛집 #제주맛집추천 #제주도맛집 #제주도맛집추천 #제주공항맛집 #제주공항근처맛집 #보말칼국수 #보말칼국수맛집 #제주보말칼국수 #제주보말칼국수맛집 #돔베고기 #제주가족여행 #제주데이트 #제주점심 #제주도민맛집 #이호테우해변맛집 #애월맛집 #애월해안도로맛집 #제주오션뷰맛집 #함덕맛집 #성산일출봉맛집 #협재맛집 #곽지맛집 #한담맛집 #한림맛집 #제주도여행 #제주여행 #제주핫플 #제주아침식사",2021-08-19,3,,"['#한라진칼국수', '#제주맛집', '#제주맛집추천', '#제주도맛집', '#제주도맛집추천', '#제주공항맛집', '#제주공항근처맛집', '#보말칼국수', '#보말칼국수맛집', '#제주보말칼국수', '#제주보말칼국수맛집', '#돔베고기', '#제주가족여행', '#제주데이트', '#제주점심', '#제주도민맛집', '#이호테우해변맛집', '#애월맛집', '#애월해안도로맛집', '#제주오션뷰맛집', '#함덕맛집', '#성산일출봉맛집', '#협재맛집', '#곽지맛집', '#한담맛집', '#한림맛집', '#제주도여행', '#제주여행', '#제주핫플', '#제주아침식사']"
제주에서만 먹을수 있는 모당모당김밥이랑 라면도 넘 맛있네~#제주분식 #제주맛집...#제주동문시장#제주공항맛집#제주시청맛집#제주공항근처맛집#연동카페#제주도맛집#연동제주분식#제주도그램#노형동카페#제주도여행,2021-08-19,1,,"['#제주분식', '#제주맛집...', '#제주동문시장', '#제주공항맛집', '#제주시청맛집', '#제주공항근처맛집', '#연동카페', '#제주도맛집', '#연동제주분식', '#제주도그램', '#노형동카페', '#제주도여행']"
제주도에서만 즐길수있는 수제버거 관자스테이크버거 고단백 저칼로리 제주 버거요 미친선셋은 덤입니다,2021-08-19,0,,[]
제주도 무늬오징어처음 먹어봐~~😆🤣갑오징어는 아는데...무늬오징어는 처음 먹어보네~~😄달달하니 맛있다👍🦑오~~~이건 꼭 먹어야해요.!!🤔..#제주무늬오징어 #무늬오징어#무늬오징어회 #회#제주도맛집 #제주도맛집추천 #제주도회#맛있다그램 #맛있다#좋아요테러 #우리집#이밤#야식추천 #야식스타그램 #야식그램 #미쳤다 #처음 #처음이야 #🦑#👍,2021-08-19,85,,"['#제주무늬오징어', '#무늬오징어', '#무늬오징어회', '#회', '#제주도맛집', '#제주도맛집추천', '#제주도회', '#맛있다그램', '#맛있다', '#좋아요테러', '#우리집', '#이밤', '#야식추천', '#야식스타그램', '#야식그램', '#미쳤다', '#처음', '#처음이야', '#🦑', '#👍']"
재미있게 놀 수 있는 픽미클럽#픽미펍클럽#제주도클럽#제주클럽#월정리클럽#제주도술집#월정리술집#제주도술집#제주도펍#제주펍#월정리펍#월정리맛집#제주월정리맛집#제주도맛집#제주맛집#제주도술집픽미펍클럽,2021-08-19,3,,"['#픽미펍클럽', '#제주도클럽', '#제주클럽', '#월정리클럽', '#제주도술집', '#월정리술집', '#제주도술집', '#제주도펍', '#제주펍', '#월정리펍', '#월정리맛집', '#제주월정리맛집', '#제주도맛집', '#제주맛집', '#제주도술집픽미펍클럽']"
#하늘 #구름 #바다,2021-08-19,6,,"['#하늘', '#구름', '#바다']"
🎀👚🌷,2021-08-19,leap_month님 외 52명이 좋아합니,,[]
🖤🤍🖤🤍..#여수 #여수카페 #부산 #부산카페 #제주 #제주도 #제주도맛집 #제주카페 #제주도카페 #서울 #서울카페 #강남 #홍대 #잠실 #성수 #성수카페 #강릉 #강릉카페 #해운대 #협재해수욕장 #일상 #데일리 #럽스타그램 #카페 #카페투어 #데일리룩 #샌들 #카페스타그램 #헬스타그램 #잠실카페,2021-08-19,14,,"['#여수', '#여수카페', '#부산', '#부산카페', '#제주', '#제주도', '#제주도맛집', '#제주카페', '#제주도카페', '#서울', '#서울카페', '#강남', '#홍대', '#잠실', '#성수', '#성수카페', '#강릉', '#강릉카페', '#해운대', '#협재해수욕장', '#일상', '#데일리', '#럽스타그램', '#카페', '#카페투어', '#데일리룩', '#샌들', '#카페스타그램', '#헬스타그램', '#잠실카페']"
봉리단길 투어☺️ 전주한옥마을 아님 주의🚫,2021-08-19,46,,[]
아직 아무도 모르는 이호테우해변 포토존 📸벽돌문에 비치는 해변과 앞에 펼쳐진 버베나 꽃의 조화 💜옆에 다른 분홍꽃도 있었는데 이름은 모르겠어요😭그래도 양 옆에 꽃들이 있고 산책로도 있어서걷기 너무 좋았어요 👧🏻🙌🏼커플분들은 벽돌을 배경으로 사진찍어도 좋을것같아요!!📍장소정보는 팔로워분들에게 먼저 알려드려요 ✨#제주도혼자여행#제주도여행#제주신상포토존,2021-08-19,71,,"['#제주도혼자여행', '#제주도여행', '#제주신상포토존']"
"제주도 핫플🐟 #한라봉스시 (저장누르세요)⬆️🏠한라봉스시 (제주시 애월읍 애월북서길 54)⏰매일 10:00 - 22:00 브레이크타임 없음📋메뉴천국의 계단 ₩95,000애월맛집으로 유명한 한라봉스시!가장 핫한 천국의 계단 먹었어요~식전에 고기국수와 새우튀김,전복을 주는데 이게 진짜 짱짱 맛나요👍✔️2~3인이지만 절대 2명이선 다 못먹을정도로 양 짱많음!✔️뷰가 정말 예쁘니 무조건 창가자리&야외 테라스 (여름제외)✔️노을 질 때 저녁쯤 가면 사진 스팟 팡팡.(제주도 또 가고싶다...)..#제주도 #제주맛집 #제주도여행 #제주도여행 #제주카페 #제주 #제주도맛집 #제주여행 #제주가볼만한곳 #제주일상 #제주핫플레이스 #제주핫플 #제주도카페 #제주도초밥 #애월맛집 #애월 #애월카페 #애월해안도로",2021-08-19,358,,"['#한라봉스시', '#제주도', '#제주맛집', '#제주도여행', '#제주도여행', '#제주카페', '#제주', '#제주도맛집', '#제주여행', '#제주가볼만한곳', '#제주일상', '#제주핫플레이스', '#제주핫플', '#제주도카페', '#제주도초밥', '#애월맛집', '#애월', '#애월카페', '#애월해안도로']"
.탁 트인 월정 바다 뷰를 볼 수 있는 야외 테라스와 옥상 빈백 정원 🐬곳곳에 있는 월정 바다를 배경으로 인생샷 포인트뿐만 아니라!달달한 수제 마카롱과 시그니처 음료까지!월정리 카페 콧수염에서 제주도 분위기를 만끽해보세요 ☀️🌊🌈제주시 구좌읍 해맞이해안로 406 카페콧수염070-4131-8880방문해주신 모든 분들께 감사드립니다매일 모든 메뉴 sold-out 되므로 선착순 판매합니다.#서귀포맛집 #제주카페 #월정리카페콧수염 #제주월정리 #월정리해수욕장 #성산맛집 #제주맛집 #월정리 #제주카페추천 #월정리콧수염 #제주카페투어 #제주시카페 #월정리카페 #제주 #제주도여행 #제주마카롱맛집 #제주도 #제주도기념품 #제주도맛집 #성산일출봉맛집 #제주해안도로 #제주월정리카페 #월정리맛집 #함덕카페 #제주피크닉 #서귀포카페 #월정리카페거리 #제주도마카롱 #월정리해변 #제주도카페,2021-08-19,4,,"['#서귀포맛집', '#제주카페', '#월정리카페콧수염', '#제주월정리', '#월정리해수욕장', '#성산맛집', '#제주맛집', '#월정리', '#제주카페추천', '#월정리콧수염', '#제주카페투어', '#제주시카페', '#월정리카페', '#제주', '#제주도여행', '#제주마카롱맛집', '#제주도', '#제주도기념품', '#제주도맛집', '#성산일출봉맛집', '#제주해안도로', '#제주월정리카페', '#월정리맛집', '#함덕카페', '#제주피크닉', '#서귀포카페', '#월정리카페거리', '#제주도마카롱', '#월정리해변', '#제주도카페']"
코로나는 언제쯤 끝날까요..🥲모두 몸보신 할 수 있는 음식 잘 챙겨드시고 면역력 키우셔야해요 ❤️ #전복요리 #명진전복😋싱싱 점수 : 🐥🐥🐥🐥🐥(1점: 오잉..? 2점: 그저그런맛 3점: 한번쯤은 먹어봐야함 4점: 맛있어👏🏻 5점: 와 진짜 너무 맛있어😭👍🏻),2021-08-19,45,,"['#전복요리', '#명진전복😋싱싱']"
Ribbon flat shoes(2colors)🎀#에이티즈서울 #eightiesseoul,2021-08-19,19,,"['#에이티즈서울', '#eightiesseoul']"
.햄버거에 진심인 신랑을 위해 여행지에 버거 맛집이 있음 꼭 들르는 편임 ..제주도 버거 중에 우리의 pick은 함덕의 #무거버거 . .나는 햄버거는 좋아하는 편이 아니라 맛은 잘 모르는데 신랑말로는 다운타우너버거보다 맛있다는데.......#제주도#제주도여행#say남매네여행#say남매네여행_제주#2021#제주도맛집#함덕맛집#제주도버거#mgbg,2021-08-19,23,,"['#무거버거', '#제주도', '#제주도여행', '#say남매네여행', '#say남매네여행_제주', '#2021', '#제주도맛집', '#함덕맛집', '#제주도버거', '#mgbg']"
번호 안 따여본게 사람이냐...#일기 #인스타일상 #유머 #친스타그램 #여행중 #제주 #카페맛집 #드라이브 #웃긴 #일본 #펫스타그램 #타투 #주말 #광주 #소통스타그램 #먹스타그램 #웃긴짤 #디엠환영 #맞팔 #이벤트 #일산 #추억 #다이어트 #댕댕이 #반사 #여행기록 #셀기꾼 #웃긴썰 #제주도맛집 #강원도,2021-08-19,2,,"['#일기', '#인스타일상', '#유머', '#친스타그램', '#여행중', '#제주', '#카페맛집', '#드라이브', '#웃긴', '#일본', '#펫스타그램', '#타투', '#주말', '#광주', '#소통스타그램', '#먹스타그램', '#웃긴짤', '#디엠환영', '#맞팔', '#이벤트', '#일산', '#추억', '#다이어트', '#댕댕이', '#반사', '#여행기록', '#셀기꾼', '#웃긴썰', '#제주도맛집', '#강원도']"
#빈_오월에제주 #항공샷⠀⠀⠀⠀⠀⠀⠀⠀⠀⠀⠀⠀⠀⠀ ⠀⠀⠀⠀⠀⠀⠀⠀⠀⠀⠀⠀⠀⠀ ⠀⠀⠀⠀⠀⠀⠀⠀⠀⠀⠀⠀⠀⠀ ⠀⠀⠀⠀⠀⠀⠀⠀⠀⠀⠀⠀⠀⠀ ⠀⠀⠀⠀⠀⠀⠀⠀⠀⠀⠀⠀⠀⠀ ⠀⠀⠀⠀⠀⠀⠀⠀⠀⠀⠀⠀⠀⠀,2021-08-19,20,,"['#빈_오월에제주', '#항공샷⠀⠀⠀⠀⠀⠀⠀⠀⠀⠀⠀⠀⠀⠀']"
"#수르떡볶이 X 리얼클로젯어릴적 추억의 학교앞 분식집 떡볶이맛수르떡볶이 4종 + 치킨 오픈해요(오리지널,매운맛,로제,짜장)남녀노소 누구나 좋아하는 떡볶이어릴적 생각하면 학교앞 분식집 떡볶이를 빼놓을 수 없을텐데요저도 떡볶이를 정말 좋아해서 밀키트, 배달 다양하게 먹어봤는데 조리도 간단하고 너무 맛있더라구요저는 떡볶이 달달파인데 저의 최애 떡볶이가 되었어요◽️오리지널살짝 매콤하지만 달달, 저처럼 맵찔이도 좋아하는 맛어릴적 분식집 그맛◽️매운맛저한텐 많이 매워요 그치만 엽떡파 분들에겐 추천❗️◽️짜장맛라면사리 추가해서 드시면 강추!! 진짜 제가 먹어본 짜장 떡볶이 중에 베스트💛달달해서 애기들도 너무 좋아해요 추천❗️◽️로제맛요즘 핫한 배X보다 저는 더 맛있었어요조금 정성을 더해 베이컨 양파 마늘까지 추가하면 한가지 요리가 뚝딱◽️바삭후라이드떡볶이만 먹기 아쉽다 사이드로 추천드려요끝맛이 살짝 매콤하지만 어린 아이들도 너무 좋아하고 조리도 간편해요◽️닭목살튀김닭한마리에 딱 한점나오는 부위뼈또한 발라져 있어서 간단하게 맥주 안주로도 너무 좋고 떡볶이 사이드로도 너무 좋아요해동도 필요없어 조리도 간단하고 양도 넉넉해서 냉동고에 두세개 쟁여두세요직접 먹어보고 추천해드린 제품이라 믿고 드셔도됩니다✅공구기간 : 8월18일 - 8월19일✅배송 : 본사 직배송 (12시 이전 당일 배송)오리지널/매운맛/로제맛/짜장맛430g 2인분사이드 바삭후라이드/닭목살튀김500g 넉넉한사이즈",2021-08-19,15,,['#수르떡볶이']
"#수르떡볶이 X 리얼클로젯어릴적 추억의 학교앞 분식집 떡볶이맛수르떡볶이 4종 + 치킨 오픈해요(오리지널,매운맛,로제,짜장)남녀노소 누구나 좋아하는 떡볶이어릴적 생각하면 학교앞 분식집 떡볶이를 빼놓을 수 없을텐데요저도 떡볶이를 정말 좋아해서 밀키트, 배달 다양하게 먹어봤는데 조리도 간단하고 너무 맛있더라구요저는 떡볶이 달달파인데 저의 최애 떡볶이가 되었어요◽️오리지널살짝 매콤하지만 달달, 저처럼 맵찔이도 좋아하는 맛어릴적 분식집 그맛◽️매운맛저한텐 많이 매워요 그치만 엽떡파 분들에겐 추천❗️◽️짜장맛라면사리 추가해서 드시면 강추!! 진짜 제가 먹어본 짜장 떡볶이 중에 베스트💛달달해서 애기들도 너무 좋아해요 추천❗️◽️로제맛요즘 핫한 배X보다 저는 더 맛있었어요조금 정성을 더해 베이컨 양파 마늘까지 추가하면 한가지 요리가 뚝딱◽️바삭후라이드떡볶이만 먹기 아쉽다 사이드로 추천드려요끝맛이 살짝 매콤하지만 어린 아이들도 너무 좋아하고 조리도 간편해요◽️닭목살튀김닭한마리에 딱 한점나오는 부위뼈또한 발라져 있어서 간단하게 맥주 안주로도 너무 좋고 떡볶이 사이드로도 너무 좋아요해동도 필요없어 조리도 간단하고 양도 넉넉해서 냉동고에 두세개 쟁여두세요직접 먹어보고 추천해드린 제품이라 믿고 드셔도됩니다✅공구기간 : 8월18일 - 8월19일✅배송 : 본사 직배송 (12시 이전 당일 배송)오리지널/매운맛/로제맛/짜장맛430g 2인분사이드 바삭후라이드/닭목살튀김500g 넉넉한사이즈",2021-08-19,15,,['#수르떡볶이']
"- 제주도의 핫한 함덕해변독채형 가족펜션인 게으르게펜션 입니다..바쁜 일상에서 잠시 게으름으로 힐링해 보세요. ^^.함덕에는 맛집도 많고 가까운곳에 서우봉, 에코랜드등 많은 명소가 있습니다....#제주도펜션 #제주펜션 #함덕펜션 #함덕해수욕장펜션 #게으르게펜션 #함덕해변펜션 #조천펜션 #서우봉 #에코랜드 #함덕숙박 #조천숙박 #제주도숙박 #함덕독채펜션 #제주도독채펜션 #제주공항펜션 #함덕해변 #함덕해수욕장 #함덕맛집 #선팔하면맞팔가요 #맞팔해요 #제주도맛집",2021-08-19,저 좋아요를 눌러보세,,"['#제주도펜션', '#제주펜션', '#함덕펜션', '#함덕해수욕장펜션', '#게으르게펜션', '#함덕해변펜션', '#조천펜션', '#서우봉', '#에코랜드', '#함덕숙박', '#조천숙박', '#제주도숙박', '#함덕독채펜션', '#제주도독채펜션', '#제주공항펜션', '#함덕해변', '#함덕해수욕장', '#함덕맛집', '#선팔하면맞팔가요', '#맞팔해요', '#제주도맛집']"
"#수르떡볶이 X 리얼클로젯어릴적 추억의 학교앞 분식집 떡볶이맛수르떡볶이 4종 + 치킨 오픈해요(오리지널,매운맛,로제,짜장)남녀노소 누구나 좋아하는 떡볶이어릴적 생각하면 학교앞 분식집 떡볶이를 빼놓을 수 없을텐데요저도 떡볶이를 정말 좋아해서 밀키트, 배달 다양하게 먹어봤는데 조리도 간단하고 너무 맛있더라구요저는 떡볶이 달달파인데 저의 최애 떡볶이가 되었어요◽️오리지널살짝 매콤하지만 달달, 저처럼 맵찔이도 좋아하는 맛어릴적 분식집 그맛◽️매운맛저한텐 많이 매워요 그치만 엽떡파 분들에겐 추천❗️◽️짜장맛라면사리 추가해서 드시면 강추!! 진짜 제가 먹어본 짜장 떡볶이 중에 베스트💛달달해서 애기들도 너무 좋아해요 추천❗️◽️로제맛요즘 핫한 배X보다 저는 더 맛있었어요조금 정성을 더해 베이컨 양파 마늘까지 추가하면 한가지 요리가 뚝딱◽️바삭후라이드떡볶이만 먹기 아쉽다 사이드로 추천드려요끝맛이 살짝 매콤하지만 어린 아이들도 너무 좋아하고 조리도 간편해요◽️닭목살튀김닭한마리에 딱 한점나오는 부위뼈또한 발라져 있어서 간단하게 맥주 안주로도 너무 좋고 떡볶이 사이드로도 너무 좋아요해동도 필요없어 조리도 간단하고 양도 넉넉해서 냉동고에 두세개 쟁여두세요직접 먹어보고 추천해드린 제품이라 믿고 드셔도됩니다✅공구기간 : 8월18일 - 8월19일✅배송 : 본사 직배송 (12시 이전 당일 배송)오리지널/매운맛/로제맛/짜장맛430g 2인분사이드 바삭후라이드/닭목살튀김500g 넉넉한사이즈",2021-08-19,13,,['#수르떡볶이']
